Date Text,Date Value,90001,90002,90003,90004,90005,90006,90007,90008,90010,90011,90012,90013,90014,90015,90016,90017,90018,90019,90020,90021,90022,90023,90024,90025,90026,90027,90028,90029,90031,90032,90033,90034,90035,90036,90037,90038,90039,90041,90042,90043,90044,90045,90046,90047,90048,90049,90056,90057,90058,90059,90061,90062,90063,90064,90065,90066,90067,90068,90069,90071,90077,90094,90210,90211,90212,90213,90230,90232,90247,90248,90265,90272,90275,90291,90292,90293,90305,90402,90405,90501,90502,90710,90717,90731,90732,90744,91040,91041,91042,91201,91209,91210,91214,91302,91303,91304,91305,91306,91307,91309,91311,91313,91314,91315,91316,91324,91325,91326,91331,91335,91340,91342,91343,91344,91345,91346,91350,91352,91355,91356,91364,91367,91401,91402,91403,91405,91406,91411,91423,91436,91504,91505,91601,91602,91604,91605,91606,91607
Jul_2005,Jul-05,21.52,24.27,22.7,47.97,81.35,51.45,45.65,27.74,154.39,26.88,130.64,62.82,80.76,53.65,24.79,181.2,26.92,29.36,108.37,54.01,1.83,36.86,89.39,48.44,26.99,61.94,64.02,44.8,32.48,22.6,41.99,34.24,30.26,43.89,32.33,46.58,23.09,23.9,23.9,18.97,21.56,41.01,35.97,16.62,39.3,57.51,25.59,110.34,48.86,24.94,31.74,19.03,22.36,32.45,20.16,23.78,415.71,38.25,45.56,995.52,63.57,80.49,65.92,430,45.67,253,23.02,42.08,30.82,29.05,995.33,39.45,17,19.06,38.74,48.62,18.78,29.46,9,33.43,128.03,33.89,24.64,30.45,31.11,73.63,37.17,36,25.05,751,37,54,32.05,90.95,40.34,44.92,2,30.83,32.78,28.29,50.61,26,311.5,476,65.83,47.71,59.59,43.67,33.68,31.96,32.39,44.78,44.29,38.99,37.71,16,279.17,47.37,27.33,70.93,45.24,53.32,36.22,47.24,37.88,43.44,65.96,36.93,38.77,54.34,53.79,26.35,32.75,48.4,44.27,35.95,37.23,39.48
Aug_2005,Aug-05,22.42,24.7,23.18,48.84,81,51.4,46.75,27.56,156.81,26.83,133.54,65.27,90.28,51.04,24.48,181.33,26.66,28.98,111.13,56.79,6.5,38.43,84.89,46.95,26.95,60.96,67.21,45.5,33.37,23.06,42.34,34.69,29.44,43.81,32.14,47.38,22.96,22.83,23.89,18.36,21.65,39.94,37.45,16.13,39.27,54.94,24.55,109.59,48.22,25.77,33.66,18.43,21.92,31.32,19.75,23.83,452.06,44.49,46.17,988.23,61.66,81.33,63.82,389,44.5,257,22.92,42.29,30.28,31.59,1159,40.85,16,18.99,39.49,47.57,18.27,30.33,9,33.2,126.93,33.07,25.03,32.62,31.96,65.26,37.35,32,26.39,713,38,58,30.57,112.25,42,47.67,3,31.01,34.34,25.14,53.61,27,326.5,479,67.67,49.21,59.11,44.93,33.67,31.46,31.3,43.67,43.19,38.21,36.32,17.67,248.17,48.05,25.33,69.25,45.4,55.79,37.37,48.09,40.67,44.3,66.05,38.93,40.77,57.84,56.13,28.63,32.37,50.02,43.93,37.02,36.24,39.58
Sep_2005,Sep-05,21.66,22.55,21.19,43.76,78.17,48.03,47.15,25.89,152.4,24.45,127.61,60.73,88.12,49.26,22.81,170.13,24.31,27.03,104.03,54.72,17.5,35.04,80.55,44.44,24.82,55.74,65.81,43.98,29.89,20.45,39.2,33.65,28.3,41.52,30.38,44.78,20.97,21.66,22.15,17.65,20.54,37.67,35.61,15.35,36.58,48.57,23.12,102.8,43.61,23.59,32.19,17.35,19.21,29.11,18.72,21.58,403.4,38.66,44.38,849.9,56.31,75.5,59.73,408,44.08,247,21.69,41.23,27.42,32.1,985.33,36.66,13,17.16,36.01,48.33,18.31,25.64,7.5,28.66,119.74,28.61,21.27,31.42,29.15,63.78,32.2,20,23.91,653,36,56,28.72,84.25,38.87,42.2,3,27.29,31.43,20.43,45.26,24.67,273,488,55.06,40.37,48.3,36.63,29.57,27.9,29.16,39.91,35.39,32.83,31.65,14.33,224.33,44.32,19.67,63.38,42.19,52.45,33.91,41.45,36.31,40.36,57.26,35.25,37.72,46.75,48.72,27.01,30.55,44.22,41.86,32.76,33.29,37.1
Oct_2005,Oct-05,19.63,21.32,20.79,42.15,77.15,48.22,47.52,24.33,148.07,24.55,124.92,60.77,83.81,49.51,21.73,167.55,24.16,25.74,99.66,56.19,50.83,33.35,74.69,42.02,24.43,50.14,64.43,43.18,28.52,19.42,37.31,30.49,26.07,37.66,28.63,43.85,19.84,17.78,19.73,15.08,18.65,34.72,32.44,13.11,34.18,46.11,18.55,102.37,41.69,22.16,31.36,16.28,19.24,24.84,17.23,20.3,381.65,28.78,41.41,932.87,51.44,81.16,51.77,390,38.33,251,19.29,36.23,24.99,28.64,964,35.05,11,16.37,35.46,51.37,13.47,26.15,7.17,29.11,108.93,26.54,21.63,29.15,26.54,63.01,27.1,18,19.82,561,36,55.5,23.84,60.4,36,35.43,3,24.62,24.14,17.14,41.08,19.33,203.5,506,49.85,39.25,47.58,35,26.04,26.27,25.72,33.66,35.85,31.76,27.86,13.67,277,43.47,19,53.49,32.17,40.02,31.32,41.31,32.12,39.37,55.17,32.7,31.25,43.39,40.28,26.8,28.15,36.33,34.48,30.02,30.75,33.44
Nov_2005,Nov-05,18.03,19.11,19.77,38.21,72.53,46.08,43.21,21.2,132.9,22.43,113.42,58.63,80.26,46.09,19.11,153.81,21.78,23.44,93.14,54.48,34.83,30.49,66.59,38.85,22.42,44.52,60.9,40.78,25.29,17.7,33.78,28.64,23.56,35.08,26.32,41.04,17.64,16.88,18.43,14.38,17.63,31.64,30.73,12.49,31.49,37.47,17.37,99.19,39.5,20.59,29.13,14.95,17.07,21.7,15.45,18.22,348.55,24.75,39.63,799.29,40.8,78.39,41.38,347,34.42,238,18.27,34.22,23.13,25.9,915,28.41,10,14.65,33.5,45.68,12.89,20.17,5.67,25.45,81.61,23.87,19.31,35.02,24.64,62.6,23.96,9,18.74,410,34,52,21.9,49.9,33.9,31.75,3,21.35,22.67,16,35.06,12.67,200,322,37.83,33.07,38.12,28.18,22.52,21.9,22.84,28.68,29.86,24.6,22.23,12,264.83,38.01,13.67,41.85,27.77,36.53,27.17,36.58,29.08,34.94,47.11,29.81,29.62,34.29,35.73,23.68,25.47,32.32,32.29,26.64,26.8,30.25
Dec_2005,Dec-05,18.7,18.46,20.42,38.37,73.33,47.35,43.88,21.56,129.24,22.87,114.46,60.02,82.91,44.49,19.63,149.7,22.04,23.81,94.78,55.21,29,31.09,63.42,39.29,22.57,44.19,61.16,41.27,25.5,17.33,34.13,29.16,23.94,34.87,27.14,40.99,17.73,15.89,18.16,14.34,17.8,30.9,29.85,12.11,31.69,37.78,16.8,101.91,39.36,20.58,28.04,15.24,17.43,21.49,15.36,17.85,359.02,23.97,38.11,783.13,40.91,77.94,41.06,347,33.75,241,17.59,36.31,22.65,25.77,1014.67,29.36,9,14.4,34.58,43.53,10.09,20.26,5.33,26,80.69,23.75,19.18,33.93,23.66,71.2,19.53,10,16.37,450,34,66.5,17.95,49.05,32.9,29.16,4,20.84,19.35,15.71,34.21,12.67,179.5,320,38.14,33.74,38.53,28.01,21.93,22.13,22.78,27.67,30.28,25.17,22.95,12,263.33,34.65,13.83,40.46,24.93,31.83,26.68,37.26,27.43,35.06,47.57,29,26.96,32.57,33.13,22.07,25.37,29.99,29.57,26.45,26.99,29.31
Jan_2006,Jan-06,19.61,18.18,20.19,37.57,73.11,46.5,42.66,21.49,131.13,22.8,111.22,56.22,78,47.08,19.67,148.16,21.39,23.31,94.63,57.26,20.83,30.5,65.49,39.35,22.42,42.27,60.48,40.52,24.01,17.13,32.93,28.83,24.1,34.41,26.98,39.95,17.55,15.92,17.87,14.29,17.88,29.52,29.75,12.16,30.67,35.1,16.39,101.93,40.61,20.37,26.55,15.19,16.87,21.43,15.2,17.45,347.99,23.52,38.02,809.61,38.51,72.11,40.57,376,33.58,258,17.3,36.41,22.22,24.61,725,27.04,9,14.45,33.01,39.94,10.09,20.01,4.67,24.76,82.28,23.44,19.08,31.43,23.75,70.35,19.16,15,16.04,480,35,68,16.96,43.25,32.31,28.25,4,20.1,18.86,15.29,32.13,13.33,200.5,302,36.8,31.83,35.4,26.51,21.47,21.57,22.45,26.75,28.86,22.77,21.93,12.33,126,35.25,11.17,37.68,24.36,31.42,25.51,36.34,26.99,34.56,47.92,28.05,26.34,30.31,31.66,23.16,24.61,29.09,28.81,25.72,26.19,28.26
Feb_2006,Feb-06,17.17,16.54,18.31,33.57,64.98,41.78,39.87,18.87,123.2,20.71,101.35,51.35,76.14,43.12,17.3,139,19.41,20.53,85.09,54.02,15,27.85,60.94,35.51,19.68,38.7,55.22,36.82,21.98,15.41,30.05,25.82,21.48,31.09,24.35,36.31,15.51,13.55,15.98,12.54,16.25,26.42,26.34,10.83,27.76,31.63,13.89,91.64,37.09,18.53,26.08,13.35,14.97,18.54,13.2,15.91,304.04,20.18,33.6,765.26,32.5,74.25,32.43,343,29.67,266,16.53,32.77,20.56,22.79,930,24.27,7,13.16,29.65,39.02,9.96,18.3,4.5,22.83,74.11,21.02,16.92,26.38,21.24,64.67,16.06,12,14.02,346,32,48.5,14.77,47.2,28.98,24.54,3,17.23,15.74,12.43,27.48,12.33,143.5,268,31.97,28.61,32.12,23.1,18.61,19.12,18.89,22.39,25.82,20.35,19.34,11,79,32.77,9.83,31.13,19.64,25.58,22.57,32.46,23.2,31.26,44.43,24.65,22.76,26.12,26.49,20.88,21.52,25.24,24.79,22.58,22.7,24.33
Mar_2006,Mar-06,18.82,18.13,20.27,37.16,71.44,45.44,43.93,20.18,130.27,22.54,111.01,58.14,84.01,46.58,18.34,151.38,20.81,22.15,93.59,57.11,17.67,29.55,58.94,38.27,21.47,40.33,60.11,40.52,23.87,16.85,32.77,27.82,22.86,33.64,26.81,39.55,16.76,14.53,17.29,13.84,17.9,28,28.39,11.92,30.19,28.9,14.78,99.32,41.03,20.23,29.86,14.63,16.48,19.96,14.02,17.11,330,22.03,37.08,813.55,28.02,72.39,29.96,371,29.33,364,17.88,35.97,22.63,24.37,629.67,21.23,8,14.2,31.89,43.97,11.33,17.28,4.67,24.3,75.39,22.52,18.21,26.94,22.63,80.95,15.82,7,15.22,257,35,53,16.27,48.9,31.4,26.6,4,18.08,17.2,13.71,28.6,12,104.5,269,32.25,27.19,28.34,21.37,19.76,19.13,18.93,22.47,24.2,16.54,17.5,12.67,56.33,34.27,10.67,29.9,20.07,26.6,23.49,34.43,25.35,32.86,46.77,27.11,24.54,28.21,29.33,22.88,23.35,26.77,26.48,24.22,23.9,25.6
Apr_2006,Apr-06,18.25,17.62,19.02,36.21,67.81,43.66,45.86,20.37,120.45,21.51,103.93,54.6,77.32,43.41,18.66,147.37,20.23,22.07,90.21,52.35,20,28.48,64.27,37.77,21.57,41.54,57.16,38.81,22.98,16.34,31.72,28.41,23.27,33.67,25.82,38.33,16.66,15.03,17.31,14,17.56,28.62,27.38,11.79,29.92,30.29,16.41,95.32,37.34,19.2,28.99,14.63,15.75,21.55,14.47,16.88,323.11,23.37,34.81,729.48,32.77,77.16,36.89,236,30.92,329,17.06,34.85,22.82,24.29,429,21.13,10,14.33,31.13,36.93,11.22,16.68,4.67,23.85,71.69,21.93,17.6,28.28,22.32,73.09,18.87,8,15.73,349,34,45,16.98,48.25,31.39,27.33,6,19.12,18.79,12.71,27.48,16.33,149,253,33.38,26.92,27.58,20.26,20.27,20.14,20.71,26.26,23.9,17.94,20.52,13,65.5,30.05,11.83,37.03,25.36,31.44,23.73,33.48,25.88,32.62,45.36,27.1,26.15,27.41,29.72,23.73,24.39,30.88,30,24.8,25.83,27.54
May_2006,May-06,20.3,20.71,20.71,41.63,76.62,48.44,52.64,23.19,135.02,25,117.62,59.47,81.91,48.67,21.19,160.03,23.35,25.28,100.47,58.35,34.33,35.68,74.98,42.14,25.04,49.79,60.24,41.52,26.43,19.67,36.54,29.91,25.03,37.83,28.01,41.71,19.11,16.49,19.5,14.85,18.96,32.29,30.04,12.94,32.22,44.95,18.09,103.1,42.19,22.08,31.3,15.8,18.49,25.74,16.35,20.1,371.03,26.85,37.27,856.87,47.47,89.42,49.65,258,37.5,269,17.71,36.37,25.89,29.27,747.33,33.73,14,16.66,34.49,39.99,11.76,25.16,6,29.01,88.33,27.07,22.32,31.69,26.66,79.28,24.73,19,18.02,518,38,51,20.39,56.8,35.63,33.75,8,24.67,21.32,16.57,39.82,23.67,201.5,274,52.14,41.2,45.33,34.96,26.22,27.08,24.04,32.3,37.27,30.46,28.46,24,186.83,38.53,21,52.21,30.74,37.1,30.4,41.49,30.8,40.08,55.82,31.52,29.66,41.87,37,25.85,27.18,36.85,33.56,30.66,31.08,31.52
Jun_2006,Jun-06,20.33,22.7,20.97,43.35,74.83,47.85,51.6,24.44,137.02,24.61,118.56,60.16,86.89,49.1,22.19,173.98,23.47,26.34,103.93,57.65,49.67,35.87,125.69,42.66,24.89,57.86,62.29,42.73,28.77,21.41,38.12,32.64,27.75,40,29.21,43.09,20.87,20.93,22.36,17.65,20.83,37.1,34.8,16.03,37.7,47.41,24.23,103.93,42.21,24.31,31.05,17.04,19.59,29.9,18.13,22.24,408.76,34.77,45.06,881.32,51.99,93.55,57.93,274,36.42,298,23.27,35.53,29.3,32.68,974.67,34.08,18,17.32,35.4,44.77,18.42,24.93,6.33,29.31,98.54,28.95,22.35,33.91,30.73,78.08,37.57,20,26.03,635,39,56,31.09,51.85,42.1,43.73,8,28.2,32.8,20.43,45.59,26.67,273,267,59.09,43.65,46.14,38.69,30.32,28.55,28.16,40.11,37.99,32.65,31.8,28,202.67,46.25,21.5,61.2,41.64,51.23,33.15,42.63,37.84,41.37,59.52,35.6,39.11,47.69,47.95,29.67,30.68,43.98,41.66,33.77,33.47,36.73
Jul_2006,Jul-06,22.22,24.08,21.98,46.35,82.04,52.59,55.48,27.72,147.63,27.56,136.48,60.94,83.81,52.99,24.88,176.98,26.97,29.82,111.76,54.18,65.8,38.89,88.65,46.22,27.16,60.91,65.63,46.4,33.34,21.9,43.08,34.28,29.97,43.55,33.94,45.96,23.07,22.99,24.17,18.96,21.83,38.24,36.55,16.95,39.14,57.49,26.84,114.42,48.67,25.41,31.14,19.09,21.39,31.82,20.68,23.68,455.32,41.2,46.67,992.68,63.37,70.27,68.34,318,57.77,298,24.01,36.62,29.51,31.93,1221.67,43.25,18,18.25,37.38,45.68,19.24,28.23,6.83,33.27,111.36,32.08,24.74,34.69,33.14,83.65,39.69,26,27.27,814,40,59,34.05,63.8,43.73,45.77,7,31.47,34.13,23.14,51.36,29,314,325,68.86,50.47,61.72,45.59,33.74,32.74,31.56,46.85,45.09,41.36,38.28,29,208.5,50.82,27,72.84,47.09,55.92,36.94,47.06,40.15,44.29,64.74,37.06,40.6,55.63,51.99,29.01,34.49,49.88,43.71,37.41,38.03,40.91
Aug_2006,Aug-06,23.11,24.71,22.37,48.02,81.15,51.62,55.01,26.89,158.65,27.66,135.25,64.57,87.85,52.98,24.54,181.61,26.48,29.28,113.41,58.84,59.4,38.38,85.94,45.2,27.5,60.45,66.38,45.86,33.73,22.67,43.22,35.28,29.98,45.03,33.19,47.64,22.85,22.7,24.34,17.9,21.57,39.71,38.48,16.41,38.36,55.73,26.13,112.78,50.09,25.69,31.15,18.66,21.8,32.21,19.95,24.42,437.4,40.39,47.52,963.61,63.05,78.39,69.02,268,59.77,266,22.57,38.51,30.31,34.04,1201.67,41.99,19,18.8,38.88,45.4,18.76,28.06,7.67,33.22,124.76,32.51,25.12,34.19,33.04,82.71,37.93,24,26.65,850,41,60.5,32.84,66.8,44.21,48.67,4,31.55,34.43,25.43,54.54,27,342,334,69.46,51.47,61.34,47.8,34,32.09,31.03,45.27,43.66,40.08,36.86,28.33,269.17,51.47,25.33,71.55,47.6,57.2,38.01,48.31,42.68,44.97,66.65,39.27,42.02,58.82,55.92,27.63,33.86,50.4,45.23,38.25,37.41,40.33
Sep_2006,Sep-06,20.94,22.09,20.75,43.99,76.64,46.83,54.19,24.88,153.63,24.29,122.38,59.42,86.77,48.82,22.44,180.4,23.96,26.95,103.4,53.24,57,33.55,83.26,43.55,24.65,58.44,62.96,43,29.75,20.93,38.6,33.92,28.93,41.81,30.93,44.35,21.57,21.61,22.66,16.97,20.33,38.34,36.59,15.64,36.53,52.6,24.46,107.86,41.34,23.44,29.82,17.5,19.4,30.14,18.48,22.77,401.03,37.03,45.67,903.39,59.76,80.23,66.42,251,57.46,275,21.6,37.46,28.5,31.53,1231.33,39.05,17,17.77,36.63,42.3,18.04,25.42,7.5,29.04,111.79,28.61,22.08,35.22,30.96,74.28,35.65,19,24.94,861,36,60,30.63,62.25,41.33,44.19,4,28.17,32.33,21.71,48.05,24.33,340.5,403,58.75,43.57,51.82,41.15,30.05,28.71,28.61,41.65,38.13,34.62,33.5,22.33,364.33,44.32,18.5,64.92,44.49,53.52,34.41,43.88,39.63,41.11,59.65,35.97,39.37,51.65,50.76,27.62,31.95,44.77,42.16,34.14,34.32,37.53
Oct_2006,Oct-06,20.64,21.08,20.52,43.33,76.34,48.01,53.28,24.83,148.82,24.79,120.06,62.11,90.11,50.3,22.06,170.14,24.01,26.49,102.87,51.21,48.8,34.85,76.65,44.1,25.27,53.35,63.26,43.7,30,20.16,38.1,31.89,26.52,39.49,30.56,44.24,21.17,19.44,21.09,16.1,19.5,36.26,34.49,14.22,35.6,50.71,21.12,106.41,46.93,22.23,30.39,16.82,18.71,26.82,18.15,21.77,380.71,33.64,44.06,875.23,56.09,81.83,61.38,254,52.15,315,19.97,39.69,26.61,29.11,1003,38.26,15,17.5,36.55,42.02,16.36,25.98,7.5,29.41,102.83,27.95,21.57,29.98,28.65,77,29.12,17,21.04,798,35,86.5,25.96,55.4,39.12,39.64,4,26.72,27.14,17.43,46.42,26.33,286.5,419,56.74,42.72,51.54,40.51,28.43,27.95,26.58,37.74,37.7,33.95,31.64,21.67,581.67,46.63,18.33,58.96,37.79,45.07,33.21,43.4,36.73,41.24,57.25,34.43,35.48,50.54,46.61,27.86,30.82,42.96,37.41,33.17,32.64,35.19
Nov_2006,Nov-06,19.1,19.13,19.22,39.5,72.23,46.5,48.06,23.12,136.68,22.79,112.78,58.26,81.91,49.48,20.31,167.46,22.15,24.87,96.44,49.9,35.4,31.78,72.9,39.98,22.91,49.81,60.36,42.05,27.64,18.3,34.74,29.67,24.48,37.01,28.33,41.82,19.19,18.35,19.81,15.45,18.4,33.56,32.89,13.55,33.09,42.32,20.14,100.23,39.98,20.52,27.17,15.41,17.44,23.73,16.74,19.08,354.96,29.04,42.36,892.68,46.82,71.54,52.59,222,45.77,309,18.9,38.16,23.31,25.44,976.67,30.95,13,15.35,33.5,40.81,15.4,20.78,6.83,26.04,83.46,25.09,19.22,27.95,26.23,79.8,26.43,9,19.93,664,33,83.5,24.47,52.8,36.39,35.26,4,23.52,25.25,17,37.69,18.67,256,381,43.15,36.11,41.29,31.84,24.61,24.44,24.56,32.79,32.52,28.84,28.02,14.33,552.67,39.44,14.5,48.71,32.51,40.81,29.26,38.46,33.45,37.36,48.79,31.2,33.36,38.59,39.94,24.95,27.58,37.11,34.34,28.99,29.38,32.52
Dec_2006,Dec-06,19.3,18.43,19.36,38.79,72.81,47.23,46.66,22.82,128.5,23.06,112.19,60.13,84.46,46.53,20.31,157.55,22.34,24.73,95.63,49.34,31.6,30.82,66.92,38.81,23.22,47.15,59.63,42.28,26.57,17.36,33.99,30.04,24.3,35.69,28.75,40.56,18.52,16.45,18.74,14.7,17.83,31.15,31.09,12.7,31.71,40.21,18.89,101.47,39.62,19.93,25.66,15.56,17.69,22.34,16.13,18.44,346.48,26.86,39.96,908.74,45.18,69.52,48.02,177,42.38,332,18.4,39.15,22.08,22.88,895.33,31.12,11,14.78,33.54,40.25,12.53,21.23,6.67,25.83,74.91,24.82,19.2,26.26,24.76,91.39,19.48,8,16.77,616,34,75.5,20.01,117.55,34.78,30.03,4,22,20.56,17.43,35.67,12.67,260.5,392,40.52,35.62,40.78,31.23,22.76,23.91,22.74,29.89,32.1,27.98,26.37,13,577.33,34.61,14.83,44.23,27.57,32.96,26.99,38.14,30.06,36.75,48.73,29.21,28.66,35.69,31.33,22.68,25.91,32.89,30.02,26.88,28.17,30.32
Jan_2007,Jan-07,19.43,18.45,19.37,38.4,71.7,45.71,47.38,22.1,128.12,22.5,111.76,55.87,73.25,47.03,20.12,147.21,21.49,24.3,94.61,53.76,27,31.35,66.29,38.67,22.48,46.93,59.02,40.85,25.55,17.25,33.65,29.78,23.95,35.94,28.38,40.65,18.09,16.28,18.46,14.67,17.91,30.19,31.17,12.48,31.03,37.21,17.95,102.44,38.85,20.16,26.06,15.6,17.35,22.11,15.75,18.15,356.18,25.93,39.86,723.06,41.01,72.6,43.68,192,39.31,298,17.39,38.35,21.79,22.73,921.33,28.23,12,14.65,32.69,38.97,12.89,19.69,6.67,26,83.79,24.51,19.19,25.39,24.98,85.97,19.15,6,16.44,550,35,74.5,19.83,122.45,33.97,29.83,4,21.07,20.18,17.29,33.04,14.33,312.5,338,37.49,32.53,36.66,27.59,22.23,22.49,21.83,27.94,29.02,23.8,24.23,12.33,634.5,30.8,13.67,40.25,25.58,32.14,25.83,36.97,29.41,35.64,48.78,28.99,28.47,32.82,31.25,21.78,25.14,31.33,29.97,26.33,26.96,28.45
Feb_2007,Feb-07,17.37,16.99,17.71,34.23,64.77,40.83,43.93,20.28,121.34,20.24,103.86,50.94,71.17,42.19,18.26,142.2,19.63,21.85,84.21,49.6,15.4,27.28,62.41,34.45,20.6,41.16,54.02,37.01,23.18,15.59,30.38,26.85,22.16,32.59,25.75,37.45,16.28,14.97,16.49,13.31,16.26,28.36,27.43,11.43,29.17,33.07,16.7,88.75,36.49,18.77,26,14.15,15.46,20.69,14.3,16.46,343.52,23.16,35.56,763.52,37.58,68.01,40.52,222,37.92,282,16.28,34.01,19.84,21.52,622,24.55,12,13.46,29.67,35.85,11.33,17.56,6.67,23.15,73.87,21.9,17.15,23.26,22.66,84.9,17.33,5,14.67,520,32,57.5,17.2,46.2,29.59,26.08,4,18.87,17.72,14.71,28.03,13.67,197,296,32.94,27.32,32.16,23.12,19.87,20.21,19.58,24.94,24.89,21.14,21.58,11,1068,33.66,12.5,36.87,23.56,29.55,23.42,32.36,25.59,31.94,43.67,26.32,25.3,28.13,29.18,20.47,23.21,28.97,27.61,23.67,24.81,26.24
Mar_2007,Mar-07,20.05,19.2,20.18,39.93,73.31,47.37,50.32,22.94,134.95,23.43,119.35,59.32,80.6,49.73,20.65,161.38,22.83,24.83,95.56,57.13,30.8,32.25,71.42,40.55,24.8,48.22,60.87,41.72,27.44,18.3,34.43,29.36,24.37,36.66,28.04,41.97,18.77,17.01,18.99,14.84,18.31,33.58,30.82,13.01,32.32,41.35,19.18,100.91,40.14,21.33,29.52,16.02,18.11,24.16,16.13,19.36,382.53,27.84,39.85,865.26,44.86,76.34,46.77,256,44.92,338,18.77,36.61,23.41,26.05,882,32.28,14,15.87,34.05,39.81,12.67,22.3,6.33,27.01,91.32,25.17,19.92,27.65,26.24,79.61,20.91,9,17.09,606,38,66,20.42,50.9,33.37,30.92,5,22,20.56,17,35.39,14,341,353,44.58,34.89,41.85,30.15,23.4,23.73,22.38,29.29,32.05,26.21,25.56,13.67,174.83,38.46,13.5,43.36,27.78,34.09,26.9,38.29,29.49,36.9,50.98,29.92,28.71,37.16,35.04,23.87,26.12,34.41,31.41,27.41,28.24,30.04
Apr_2007,Apr-07,20.49,19.36,19.72,40.29,71.56,46.39,48.06,23.01,127.89,22.81,114.62,60.41,76.21,44.62,20.82,155.36,22.19,25.01,94.8,53.45,35,31.71,75.56,41.26,23.26,51.71,59.31,40.9,27.32,18.85,35.69,31.09,25.1,37.28,27.93,42.39,19.47,18.39,19.98,15.55,18.66,34.9,31.89,14.07,32.71,42.5,21.12,98.44,39.3,21.45,28.95,15.95,18.33,27.5,16.55,20.15,406.96,31.48,40.66,823.68,47.6,83.23,52.09,245,50.31,335,19.87,40.01,24.98,26.77,977.67,32.14,16,16.33,34.85,37.55,14.31,22.19,5.5,26.33,88.12,25.75,19.59,28.71,27.29,72.55,27.8,9,20.27,704,39,64.5,25.73,50.4,35.85,36.13,4,23.77,25.85,17.43,37.6,15.33,305.5,348,48.04,35.64,41.88,31.09,25.16,24.65,24.53,33.6,31.45,27.35,27.59,13.33,274.83,40.21,15,49.51,33.25,41.16,28.41,37.7,32.93,36.76,51.09,31.35,33.69,39.95,41.09,25.73,27.24,38.42,34.79,28.77,29.63,31.98
May_2007,May-07,22.93,21.53,20.59,43.53,74.41,46.76,45.88,25.31,133.32,24.77,118.87,60.63,75.25,46.83,22.33,160.44,24.39,27.36,99.86,55.24,55.6,34.67,82.28,43.2,25.23,56.52,60.63,42.59,30.06,20.58,38.35,32.82,26.82,40.3,29.19,44.44,21.12,19.56,21.41,16.41,19.63,37.3,33.74,14.9,33.13,52.08,22.45,100.96,40.41,23.61,28.9,16.96,20.68,29.49,17.76,21.7,419.48,35.52,41.81,833.94,55.9,97.56,61.31,270,59.15,349,21,42.89,26.26,27.65,1120,40.17,17,17.81,36.66,41.4,15.02,27.61,5.83,30.34,102.81,29.97,22.56,30.43,29.98,70.4,31.46,13,22.08,888,40,68.5,28.51,51.35,39,40.51,6,27.59,27.71,20,45.79,20.33,303,409,62.34,44.16,54,39.87,30.1,29.28,27.85,38.93,40.45,35.64,32.42,16,300.67,44.22,21,60.23,37.27,45.12,33.05,44.35,36.18,41.29,58.86,34.53,36.77,49.12,44.97,28.04,29.52,43.32,37.92,32.64,33.43,35.75
Jun_2007,Jun-07,22.5,22.07,20.38,43.44,73.82,46.32,46.5,25.18,137.36,24.46,121.18,59.46,82.05,47.82,22.24,170.55,24.11,27.28,100.17,56.78,48,34.04,83.91,42.62,24.67,60.98,60.44,42.02,30.94,20.49,39.31,32.34,27.6,41.06,30.09,43.16,22,21.88,22.55,17.67,20.24,38.57,35.62,16.15,36.04,52.09,26.71,101.46,40.06,24.46,28.4,17.66,20.76,31.01,18.52,21.71,433.06,38.26,45.22,878.71,57.22,97.71,63.49,311,61.31,350,22.25,37.48,26.89,28.96,1451.33,38.07,16,17.57,35.69,45.83,18.96,27.31,5.83,30.11,105.68,29.88,22.45,30.06,31.42,66.55,36.39,14,24.76,900,39,69,30.52,54.65,39.97,43.54,7,28.79,31.76,22.29,48.05,26,356,400,65.14,44.07,52.47,40.99,31.06,29.55,29.16,41.79,38.76,35.74,32.62,16.33,281.67,44.65,21,64.32,43.28,50.75,33.75,43.94,38.12,40.39,60.48,35.95,39.19,50.97,48.07,30.56,30.71,45.57,41.56,33.13,33.88,37.14
Jul_2007,Jul-07,22.12,23.57,21.6,45.92,75.22,49.95,47.77,26.76,151.49,26.26,122.63,58.95,82.15,53.25,24.37,198.82,26.47,28.72,107.71,61.8,68.6,35.42,89.68,51.89,25.81,59.69,65.76,44.13,30.81,22.34,39.96,34.5,28.79,40.74,31.26,46.38,23.54,23.78,23.37,18.11,21.21,40.04,36.47,16.54,36.38,57.49,28.63,104.56,38.43,25.78,28.87,19.16,20.58,33.01,20.01,23.15,478.97,40.61,45.89,711.26,65.06,93.07,69.24,303,73.46,330,22.54,39.85,28.46,31.86,854.67,41.9,17,18.02,38.06,43.65,18.82,28.99,7.17,30.88,108.35,35.81,23.28,34.55,31.69,83.29,34.56,18,25.51,972,41,72,32.16,69.55,42.17,46.11,7,31.07,32.66,24,52,23.33,475.5,390,70.86,47.87,58.26,44.41,32.46,32.09,31.48,44.42,43.77,39.51,37.58,26,264.4,48.86,24.5,71.84,44.72,55.88,36.21,45.43,39.97,43.6,56.7,37.01,40.03,57.11,50.66,29.88,32.28,47.6,42.74,34.97,36.53,38.47
Aug_2007,Aug-07,22.05,23.94,22.01,46.87,74.58,49.1,47.11,26.43,144.57,26.27,125.1,59.83,81.66,50.93,23.67,198.69,26.1,27.96,107.02,52.79,53.8,33.3,91.82,49.6,25.47,61.35,66.47,43.91,30.46,22.68,40.67,33.96,28.85,42.58,30.96,47.11,23.43,23.52,23.52,17.76,21.45,40.66,37.12,16.26,36.71,55.68,25.64,101.62,38.05,26.75,30.46,18.66,20.37,31.53,19.38,23.46,482.67,39.79,46.17,962.42,63.18,92.56,68.72,331,72.08,359,21.67,38.92,28.93,32.02,1132.33,41.12,17,18.4,39.04,41.76,16.91,28.57,7.67,30.93,115.98,32.55,23.22,39.47,30.99,88.23,36.05,17,26.03,813,41,72,33.98,71.75,43.46,48.31,6,30.96,33.45,25.57,53.24,18.67,496,388,71.12,48.81,58.6,44.87,32.2,31.2,30.18,43.42,42.36,38.55,35.85,30.33,354.6,51.29,23.33,68.88,44.46,56.06,36.04,46.04,41.72,43.79,55.81,37.8,41.17,59.28,52.66,30.91,32.12,47.64,44.86,35.6,35.33,38.64
Sep_2007,Sep-07,19.93,21.27,20.59,41.98,70.83,46.85,49.38,25.07,143.72,23.96,121.06,64.21,85.32,50.34,22.21,191.69,24.44,26.38,97.71,47.26,41,31.91,81.09,43.27,24.2,55.62,63.3,41.99,28.19,19.92,37.29,32.44,27.39,39.64,30.42,43.39,21.58,21.67,21.98,17.25,20.15,38.41,35.12,15.37,35.51,50.23,24.65,100.39,35.34,24.4,28.59,17.74,17.9,28.46,18.26,20.85,440,35.84,44.72,897,59.22,86.58,64.99,322,65.62,307,20.51,39.44,26.38,29.16,956.33,36.74,13,16.57,36.91,39.84,16.24,24.42,7.5,27.02,105.09,27.38,20.14,40.88,27.8,84.48,32.16,14,24.43,643,35,70,31.04,64.55,40.52,42.57,5,27.47,30.94,20,45.04,17.67,484.5,302,59.12,41.51,50.9,37.06,28.46,28.2,28.36,41.01,36.8,33.31,32.24,50,280.4,48.33,19.83,64.24,41.51,52.49,32.87,41.09,37.85,40.13,49.16,34.06,38.54,48.97,46.64,28.61,30.76,44.35,41.47,32.17,32.86,36.73
Oct_2007,Oct-07,19.47,20.55,20.43,40.88,69.48,47.03,51.61,24.27,142.49,24.27,116.37,60.39,81.77,51.88,21.64,195.29,24.33,25.67,95.44,52.68,28,31.32,83.64,42.85,24.82,51.29,63.71,42.08,27.6,19.41,37.38,30.84,25.8,37.59,28.67,42.62,20.66,18.49,20.19,15.55,18.61,35.37,33.3,13.66,33.14,49.7,19.32,96.93,36.23,22.89,25.94,16.41,17.94,26.17,17.17,20.08,463.47,31.55,42.44,868.77,54.65,84.51,58.08,531,61.31,285,18.59,41.16,24.13,26.29,1104,36.65,10,16,36.33,41.15,15,24.83,8,28.01,100.4,27.25,20.4,39.05,26.57,90.53,25.78,12,20.04,527,34,64.5,25.91,58.85,37.65,36.98,4,25.26,25.43,14.29,42.4,18,439.5,312,56.52,41.21,50.93,36.71,26.66,27.29,25.87,36.75,36.46,32.38,29.8,58,1478.2,44.32,18.83,57.29,34.13,43.69,31.32,41.46,34.28,39.72,48.44,32.07,33.47,46.47,40.74,25.86,28.8,40.32,35.91,30.12,31.02,33.32
Nov_2007,Nov-07,18.01,18.11,18.76,36.85,66.77,44.34,45.5,21.4,133.02,21.87,105.88,57.72,77.02,48.78,19.59,181.82,21.68,23.36,88.41,50.43,27.8,27.91,68.49,38.68,22.07,48.19,59.7,39.71,25.14,17.05,34.62,28.59,23.38,35.12,26.9,39.24,18.13,17.23,18.41,14.89,17.38,32.39,31.33,12.83,31.14,37.04,17.73,94.43,33.41,20.41,24.22,15.19,15.96,22.32,15.48,17.68,392.89,26.53,40.72,794.77,44.26,77.36,48.62,896,52.85,280,17.41,36.98,21.2,24.27,734.67,27.3,8,13.94,33.74,38.85,14.16,18.86,6.83,23.93,85.5,23.02,17.5,33.68,23.88,85.38,23.36,8,18.45,367,29,59.5,22.95,52.15,34.62,32.74,4,21.75,23.65,13.43,34.01,17.67,359,335,41.55,32.61,38.07,27.26,22.66,23.14,22.5,31.83,29.12,25.19,24.06,43.33,88.6,41.28,12.5,44.69,30,38.49,26.93,36.16,30.52,35.32,40.39,28.74,30.58,34.63,35.58,23.56,25.85,34.11,33.29,25.78,27.21,29.92
Dec_2007,Dec-07,18.13,17.14,18.64,35.53,63.01,44.45,38.67,20.73,111.89,21.74,95.69,55.57,76.37,44.65,18.85,164.01,21.28,22.69,87.26,45.64,7.8,25.47,59.13,36.58,21.05,40.48,57.08,39.62,25.43,16.07,32.05,27.28,21.8,32.68,25.44,38.2,17.01,14.44,16.85,13.44,16.42,27.3,27.54,11.56,27.21,33.9,13.84,90.7,30.97,19.27,23.31,14.77,16.06,19.23,14.33,16.73,350.85,21.1,34.82,655.45,38.72,69.55,41.01,825,41.69,266,16.04,40.61,19.33,21.57,299,27.04,7,13.26,33.44,35.18,10.11,19.36,6.83,23.42,72.74,22.43,17.8,32.43,21.02,97.49,16.13,9,14.6,269,28,44,16.67,47.3,31.44,27.58,4,20.25,16.94,12.71,30.72,18.33,338,348,36.58,30.57,35.91,25.67,20.46,21.97,19.72,27.17,28.64,23.26,21.39,41,85.6,36.17,12.5,37.91,22.43,28.44,24.86,35.22,25.27,34.2,39.87,26.42,24.11,31.35,31.14,22.58,23.24,27.45,26.65,23.84,25.15,26.38
Jan_2008,Jan-08,17.86,16.93,18.2,34.14,61.83,42.43,41.14,19.24,118.1,21.26,97.4,56.93,76.3,45.22,17.4,167.37,19.28,21.26,87.45,45.71,17.4,26.72,61.7,36.05,21.1,40.58,55.82,38.04,23.21,15.61,29.57,26.7,20.58,32.29,24.61,36.47,16.36,14.1,16.33,13.26,16.26,26.35,27.7,11.46,27.2,28.82,13.5,92.6,30.2,18.78,22.21,14.21,15.54,18.65,13.31,16.04,355.26,19.63,35.69,705.23,30.36,67.78,32.89,363,33.38,263,15.71,41.15,18.83,21.46,679,21.91,7,13.12,32.82,34.75,10.09,15.66,6.67,22.06,74.97,22.04,17.51,33.38,21.09,93.18,16.14,10,14.38,136,27,41.5,17.05,42.85,31.22,28.37,4,18.45,16.77,12.14,28.63,15.67,364,292,33.18,27.84,30.62,22.3,19.85,19.55,18.2,24.14,25.13,18.51,18.42,32.67,187.8,37.72,9,31.59,20.52,27.68,22.82,33.96,24.98,32.48,38.77,25.9,23.92,28.41,30.82,22.45,21.95,25.48,25.76,22.44,22.66,24.55
Feb_2008,Feb-08,15.93,15.75,16.67,31.01,56.6,38.51,38.52,18.16,104.56,19.52,86.46,51.55,68.54,39.88,16.49,148.72,17.71,19.94,78.59,42.49,13,24.9,59.19,32.7,20.54,36.45,52.28,35.2,19.73,14.27,26.89,25.57,20.12,29.68,23.02,32.81,14.79,13.76,15.2,12.41,15.41,24.24,25.33,10.81,26.03,26.81,13.83,85.58,27.88,17.11,21.03,13.28,14.18,18.18,12.98,14.82,318.34,19.14,33.06,574.48,30.68,63.21,34.51,135,36.92,238,15.83,38.21,17.57,21.05,422,19.5,7,12.05,29.84,30.24,9.36,14.37,6,20.35,69.03,19.81,15.78,30.68,19.21,70.19,15.59,9,13.94,217,24,39,16.21,35.8,28.57,25.52,3,17.2,16.75,10.29,25.28,9.67,279,257,28.45,24.74,26.57,19.01,18.46,18.55,17.62,22.85,22.37,17.29,17.27,26.67,148.4,33.78,8.83,31.91,21.4,27.85,21.23,30.62,23.09,29.4,35.6,23.38,23.04,24.77,29,21.36,21.76,25.62,25.59,20.6,22.39,24.06
Mar_2008,Mar-08,18.8,18.16,18.84,36.73,64.48,43.37,44.46,20.49,126.59,22.45,100.57,56.26,79.55,47.47,18.86,166.11,20.65,22.72,89.28,46.42,23.4,29.97,68.33,37.53,22.27,43.43,57.7,39.58,23.36,16.93,31.51,27.66,22.6,34.02,25.94,36.61,16.72,15.35,17.17,13.55,17.04,28.11,27.96,12.01,28.67,40.87,16.12,95.02,31.71,19.66,23.97,14.69,16.5,21.73,14.81,17.54,334.03,23.45,35.95,664.61,42.63,77.24,42.97,155,49.85,248,16.7,39.36,20.54,23.96,632.33,30.18,11,14.16,33.16,35.06,10.2,21.5,6.33,24.53,85.32,24.2,19.38,34.3,22.35,74.96,17.98,13,15.59,415,28,45.5,17.98,61.8,32.41,29.92,3,21,18.61,13.14,33.34,5.33,332.5,335,40.86,33.63,39.27,28.75,22.22,23.19,20.02,27.31,30.03,25.62,22.26,35.67,2512.2,38.6,16.17,40.08,24.67,31.92,25.75,36.13,26.5,34.89,40.9,26.94,25.61,34.66,34.69,23.75,24.62,30.72,28.22,24.45,26.19,27.64
Apr_2008,Apr-08,18.95,18.87,18.97,39.2,63.16,42.39,43.34,20.95,122.16,22.24,98.11,55.38,75.34,44.19,18.98,162.86,20.87,23.03,89.2,48.77,28.4,28.55,72.2,38.1,21.85,47.61,56.88,38.61,24.21,18.07,32.14,28.53,23.83,36,26.06,37.49,18.18,17.31,18.44,14.42,17.73,31.73,31.17,13.02,29.98,42.75,19.84,91.26,31.46,20.96,24.96,15.19,17.19,25.45,15.51,18.75,363.5,29.34,39.54,696,44.58,85.91,50.36,175,53.92,238,18.52,34.82,23.13,25.33,802.67,30.74,16,15.21,34.8,37.94,14.42,21.64,6.5,24.91,95.95,25.29,20.13,36.54,25.72,75.35,25.02,13,18.7,501,31,51.5,23.49,75.05,34.83,36.36,4,23.03,24.63,16.29,37.98,4.67,423,338,48.27,35.15,40.54,32.53,24.42,23.95,22.26,32.02,30.19,27.06,24.99,39.33,2407,38.81,16.5,47.54,30.64,40.78,27.7,36.57,31.23,35.59,40.63,29.78,31.41,39.58,42.83,25.73,25.87,35.57,32.93,26.54,27.38,30.04
May_2008,May-08,17.17,19.53,19.77,42.07,68.82,45.4,45.09,23.47,128.44,23.24,110.21,59.69,77.34,46.83,20.67,173.59,23.18,25.61,94.14,43.05,47.6,31.51,75.03,40.41,23.69,49.14,59.49,40.19,26.39,19.52,34.68,30.09,26.04,37.78,27.55,39.55,20.15,18.68,19.74,15.24,18.61,32.99,32.34,13.74,32.47,49.01,21.72,96.34,33.42,21.91,25.92,16.45,18.53,26.77,17.02,20.2,402.2,32.63,41.38,817.71,52.59,85.94,60.66,180,60.08,241,19.24,34.3,24.39,26.71,1008,37.31,16,16.19,36.57,37.77,15.84,25.2,6.5,27.7,99.16,27.22,22.2,32.76,27.58,79.77,27.01,14,20.08,654,31,67,25.12,58.85,36.87,39.59,4,25.85,26.3,19.14,43.36,5,459,359,58.49,41.31,49.94,38.53,28.6,27.37,24.22,35.55,36.35,33.18,29.86,48,2694.8,36,20,56.87,34.39,44.4,31.25,41.38,33.72,39.17,46.18,31.87,33.2,47.86,45.81,27.49,27.95,39.94,35.54,29.22,30.61,32.75
Jun_2008,Jun-08,14.92,19.12,19.15,41.57,66.53,42.86,40.02,23.25,121.34,22.39,102.96,55.15,68.06,43.85,20.47,156.45,21.81,24.99,93.11,44.03,37.8,29.02,74.79,40.92,23.07,46.88,58.71,39.41,25.71,18.78,33.16,30.55,26.02,37.69,27.18,38.98,20.23,19.98,20.04,15.7,18.63,33.14,33.44,14.46,32.4,45.81,22.05,93.93,37.52,21.36,24.79,16.36,17.35,26.93,17.13,20.5,402.34,34.57,42.11,721.35,52.12,91.64,62.88,205,73.46,246,20.56,35.96,23.74,26.53,661,35.82,16,15.96,35.91,36.53,15.62,24.58,6.67,26.66,95.15,26.11,21.96,26.72,26.81,79.91,30.13,14,22.43,752,30,240.5,29.24,59.9,38.04,41.49,4,26.83,30.21,22.86,43.98,8.33,387.5,349,60.18,40.27,46.68,38.22,29.48,27,24.05,36.58,35.12,32.33,29.92,49.67,107.2,41.63,20.67,60.16,37.5,48.18,30.88,40.25,35.86,38.48,44.85,32.56,35.58,49.67,47.71,26.92,28.34,42.3,38.2,29.27,30.42,33.86
Jul_2008,Jul-08,20.61,21.47,20.46,44.32,71.83,47.36,47.12,25.47,151.19,25.3,123.1,58.86,82.75,52.49,22.81,200.04,24.23,27.42,104.68,61.77,68.6,34.35,88.38,49.94,24.63,58.67,65.83,43.1,29.88,20.98,38.3,33.08,27.8,40.41,30.21,45.18,22.45,22.86,22.01,16.91,19.79,39.44,35.29,15.39,35.44,55.62,26.99,102.6,36.58,23.05,28.11,17.64,19.41,31.79,19.1,21.83,477,39.89,45.08,711.26,62.38,101.02,70.47,303,64.71,330,20.95,39.01,26.4,30.45,854.67,39.53,17,17.27,38.1,42.46,16.82,28.27,6.5,29.96,108.35,34.43,22.41,33.44,30.24,82.51,33.87,18,24.12,938,32,235,31.87,82.11,41.18,44.47,4,29.56,31.66,22.14,49.69,23.33,475.5,304,69.79,45.49,56.48,42.99,31.22,31.02,30.73,43.94,42.61,38.78,35.89,56.67,264.4,47.18,25.17,72.59,43.89,54.22,35.19,43.71,38.77,42.24,55.15,35.22,38.81,54.55,51.56,28.95,31.4,47.28,42.08,33.4,35.18,36.7
Aug_2008,Aug-08,20.06,21.31,20.61,44.56,71.08,46.63,46.39,24.95,144.58,25.35,125.33,59.77,82.37,50.21,22.37,199.67,24.15,26.68,102.2,52.76,53.8,32.35,90.17,47.67,24.37,59.17,65.54,42.86,29.18,20.83,38.78,32.45,27.61,41.05,29.75,44.88,22.08,21.78,21.56,16.25,19.6,39.05,34.94,14.76,35.73,54.14,22.39,99.73,36.13,23.36,29.01,17.15,19.12,30.54,18.2,21.83,489.91,37.94,45.57,962.42,61.13,104.97,67.75,331,62.86,359,20.51,37.93,26.33,30.07,1132.33,39.11,16,17.69,38.89,40.6,14.8,27.93,6,30.17,115.98,31.14,22.36,38.44,29.31,87.49,33.49,22,23.84,954,33,74,32.46,81.58,41.23,44.15,4,29.03,31.01,19.86,50.11,18.67,496,298,70.1,46.51,56.94,43.44,30.58,30.23,29.3,42.49,41.43,38.09,34.55,59.67,354.6,48.72,24,68.16,42.59,52.46,34.98,44.41,39.23,42.36,54.42,35.48,38.85,55.67,52.08,30.1,30.87,46.16,42.15,33.85,34.05,36.68
Sep_2008,Sep-08,19.07,19.69,19.78,41.37,68.72,45.34,48.19,23.57,143.88,23.49,120.52,64.32,86.64,50.16,21.2,191.81,23.16,25.3,96.37,47.18,41,31.43,79.06,41.61,23.66,53.9,62.5,41.08,27.55,19.55,36.94,30.95,25.99,38.37,28.99,42.37,20.53,19.96,20.61,15.88,18.74,37.34,33.51,14.01,34.56,50.03,21.49,98.37,34.35,21.99,27.78,16.38,17.91,27.82,17.02,20.2,450.76,34.2,44.32,897,57.59,99.34,63.41,322,59.36,307,19.53,38.42,24.86,27.89,956.33,36.04,14,16.22,37.23,38.88,14.11,24.26,5.5,26.14,105.09,26.9,20.4,40.04,26.89,83.84,30.47,30,22.7,937,30,72.5,30.28,73.79,38.97,40.52,4,26.58,29.3,17.71,44.55,17.67,484.5,278,59.61,41.35,50.57,37.63,27.73,27.42,27.59,39.85,36.44,33.19,31.35,70,280.4,47.27,19.83,62.55,39.25,49.29,32.27,40.12,36.59,39.88,48.79,32.97,36.86,49.23,47.14,28.16,29.34,42.57,38.74,31.46,31.72,34.74
Oct_2008,Oct-08,18.79,19.46,19.81,41.16,67.82,45.45,50.66,23.45,142.75,23.7,115.71,60.46,83.13,51.65,21.03,195.59,23.18,25.07,95.54,52.61,28,30.7,82.98,41.48,24.41,51.39,63.6,41.24,27.65,19.78,37.38,30.32,25.56,37.69,28.06,42.59,20.54,18.83,20.07,15.04,18.57,35.81,33.27,13.53,33.25,49.45,19.04,94.79,34.97,21.37,26.33,15.91,18.21,26.13,16.73,20.03,466.92,31.53,43.12,868.77,54.26,96.49,58.35,531,59.93,285,18.69,40.41,24.32,25.98,1104,36.39,12,15.83,36.87,40.4,12.13,24.6,5.67,26.97,100.4,26.76,20.75,38.53,26.79,89.89,26.91,25,20.41,682,30,44,27.79,68.58,37.97,38.11,4,25.12,25.59,15.86,43.12,18,439.5,286,57.13,41.02,50.72,37.67,26.66,26.43,25.38,36.55,36.14,32.02,28.76,78.33,147,45.1,19.83,56.38,34.21,42.91,31.15,40.54,35.31,39.71,48.3,32.43,34.1,48.09,43.17,26.05,27.97,39.81,35.97,30.08,30.16,32.11
Nov_2008,Nov-08,17,17.45,18.41,36.85,65.88,43.12,45.06,21.27,133.29,21.74,104.65,57.56,78.55,48.91,19.53,182.06,20.63,23.14,87.17,50.42,27.8,27.78,68.69,37.85,21.66,48.15,59.68,38.97,25.14,17.23,34.13,28.35,23.53,35.3,26.81,38.68,18.27,17.61,18.32,14.5,17.44,32.31,30.92,12.71,31.44,35.94,17.37,94.31,33.17,19.57,24.62,14.91,15.77,22.37,15.41,17.4,392.64,26.74,41.02,794.77,44.21,86.87,50.31,896,59.43,280,17.73,36.21,21.25,23.9,734.67,26.69,10,13.77,33.99,38.26,11.44,17.84,4.67,23.34,85.5,22.77,17.34,33.15,23.99,84.74,24.2,8,18.6,363,28,36,23.71,61.32,34.45,33.05,3,21.39,23.57,12.71,33.47,17.67,359,309,40.66,31.28,35.92,26.76,22.44,21.85,21.74,31.91,27.42,23.76,22.57,49,88.6,41.66,15.33,43.99,30.26,37.85,26.13,35.37,30.76,34.44,39.42,28.87,30.96,34.57,37.04,23.61,25.37,34,33.47,25.48,26.31,28.83
Dec_2008,Dec-08,16.96,16.74,18.34,35.03,62.17,43.2,38.24,20.54,111.98,21.61,94.71,55.44,77.98,44.78,18.56,163.97,20.57,22.68,84.98,45.65,7.8,25.24,59.61,35.82,20.51,40.27,57.2,38.7,25.1,16.01,31.56,26.74,21.87,32.54,25.26,36.76,16.82,14.51,16.77,13.29,16.52,26.71,26.6,11.15,27.14,33.16,14.41,90.66,30.77,19.06,23.47,14.49,15.77,19.57,14.34,16.36,351.93,21.24,34.29,655.45,39.19,75.08,42.51,825,49.64,266,15.97,35.72,18.96,20.97,299,26.58,7,12.9,33.24,34.78,9.07,18.24,4.33,22.81,72.74,22.14,17.33,32.31,21.12,96.99,16.89,9,14.57,276,28,24,15.59,52.16,30.62,26.35,3,19.36,16.8,9.57,29,18.33,338,322,34.99,28.97,33.63,24.63,20,20.91,19.53,27.48,26.85,22.34,20.47,35.67,85.6,35.96,15,37.48,23.28,28.58,23.85,34.62,24.87,33.08,38.63,26.04,23.79,29.86,30.57,21.83,23.13,27.64,26.81,23.35,24.75,25.6
Jan_2009,Jan-09,17.05,16.34,18.05,33.78,61.95,42.73,41.05,18.77,117.49,21.39,96.39,56.84,77.5,45.95,17.01,169.6,19.3,21.3,85.97,45.69,17.4,26.65,62.09,35.01,20.93,40.39,55.8,36.97,22.95,15.55,29.31,26,20.35,32.16,24.35,35.41,16.21,14.11,16.21,13.17,16.31,25.84,26.87,11.15,26.92,30.25,14.24,93.93,30.37,18.68,22.16,13.77,15.44,19.09,13.22,15.79,356.99,19.64,35.2,705.23,30.97,72.64,33.98,363,36.71,263,15.89,35.53,18.28,20.78,679,24.48,7,12.88,32.45,34.38,8.96,17.49,4.67,21.7,74.97,22.02,16.98,33.4,21.25,92.88,16.91,14,14.46,155,27,20,15.98,46.63,30.61,27.07,4,17.9,16.47,9.29,27.48,15.67,364,361,32.88,27.55,30.87,22.11,19.27,19.13,18.03,24.44,25.71,19.18,18.39,32,187.8,37.31,10.33,30.56,21.14,27.82,22.13,33.56,24.74,32.31,38.75,25.65,23.61,27.92,29.75,21.58,22.02,25.68,25.6,22.06,22.55,23.92
Feb_2009,Feb-09,15.08,14.65,16.1,29.89,55.58,38.01,37.79,17.16,103.55,19.15,84.98,51.35,69.52,40.25,15.66,149.85,17.2,19.07,76.4,42.44,13,24.53,57.75,30.55,19.94,34.97,50.89,33.32,19.06,13.83,26.18,23.64,18.78,28.88,22.29,31.28,14.27,12.71,14.01,11.54,14.6,23.08,23.71,9.98,24.8,26.94,12.23,85.84,27.78,16.42,19.95,12.52,13.79,17.06,12.21,13.93,317.51,18.28,31.54,574.48,29.02,66,32.88,135,35.79,238,14.43,33.43,16.17,20.05,422,21.15,6,11.65,28.59,29.47,8.4,15.58,4.67,19.43,69.03,19.44,14.98,29.84,18.21,69.37,13.58,13,12.28,233,23,15.5,13.26,40.68,26.81,23,4,15.8,13.82,7.57,23.9,9.67,279,336,28.06,24.09,26.18,18.48,16.94,17.31,16.21,20.93,22.33,17.07,16.19,27.67,148.4,32.18,9.67,28.77,19.21,23.82,19.77,29.37,21.61,28.79,35.19,22.65,20.86,24.06,25.71,19.86,20.38,23.38,23.17,19.48,21.02,21.53
Mar_2009,Mar-09,17.73,17.33,18.22,35.41,64.11,42.8,44.07,19.79,124.41,22,99.89,56.04,80.58,47.76,18.39,167.28,19.93,21.97,87.09,46.4,23.4,29.15,66.73,35.73,21.61,42.3,56.63,38.35,22.99,16.38,30.62,26.1,21.28,33.38,25.36,35.48,16.09,14.34,16.15,12.92,16.53,27.09,26.82,11.44,27.66,37.44,14.47,95.48,30.62,18.78,23.05,14.17,15.95,20.39,13.98,16.47,331.92,22.78,35.21,664.61,39.46,79.81,42.02,155,44.71,248,15.62,35.24,19.36,22.86,632.33,28,8,13.84,32.16,34.76,9.69,20.26,6.33,23.31,85.32,23.47,18.44,33.45,21.13,74.02,16.02,13,14.17,476,28,20.5,15.09,67.63,30.86,27.5,5,19.01,15.9,10.43,30.78,5.33,332.5,252,38.72,30.46,34.46,25.16,20.51,20.85,18.5,24.65,27.23,22.15,20.11,36.33,251,37.2,13.17,36.12,22,27.53,23.89,34.41,25.08,33.41,39.31,26.37,23.7,32.58,32.03,22.46,23.08,28.12,25.79,23.04,24.33,24.82
Apr_2009,Apr-09,17.75,17.93,17.99,37.31,62.53,41.79,43.01,19.91,120.29,21.61,97.4,55.18,76.34,44.36,18.24,163.85,19.93,21.98,86.09,48.75,28.4,27.59,70.24,36.58,20.98,46.02,55.55,36.99,23.66,17.2,31.06,27.03,22.37,34.97,25.34,36.05,17.04,16.28,17.46,13.48,16.78,30.74,29.16,12.34,29.07,38.92,17.67,91.3,29.96,19.26,23.57,14.47,16.39,24.17,14.48,17.55,361.86,27.75,38.04,696,40.19,87.6,45.29,175,49.43,238,17.52,33.75,21.68,23.94,802.67,28.62,10,14.72,33.78,37.87,12.38,20.35,7.33,23.62,95.95,24.33,19.28,35.27,23.31,74.22,22.81,14,17.89,516,31,29.5,21.95,80.11,33.39,33.71,5,20.83,22.46,14.14,34.65,4.67,423,196,45.82,31.69,35.8,27.9,22.54,21.46,21.42,29.5,27.17,23.2,22.46,39,240,37.31,14.5,42.48,27.76,35.91,25.77,34.58,29.51,33.61,38.81,28.76,29.77,36.73,40.45,24.24,24.18,32.71,30.23,24.82,25.09,27.45
May_2009,May-09,16.34,18.57,18.82,38.9,66.42,44.58,44.47,21.84,126.47,22.72,109.38,59.91,77.96,46.78,19.72,174.45,21.5,24.07,88.44,43.07,47.6,30.1,72.54,38.59,22.48,47.16,57.61,37.8,25.34,18.49,33.17,28.44,24.39,36.29,27.02,37.86,18.55,17.5,18.57,14.19,17.54,31.58,29.89,12.9,31.61,44.22,19.47,95.05,31.32,20.41,24.7,15.62,17.48,25.57,15.76,18.81,401.22,30.57,39.53,817.71,45.03,85.41,50.71,180,61.79,241,18.04,33.72,22.66,25.19,1008,32.64,12,15.65,35.42,36.82,13.91,22.28,7.83,25.79,99.16,25.56,20.8,31.46,24.99,78.23,24.33,20,18.88,609,33,28,22.74,63,35.09,35,5,22.7,23.37,14.57,37.03,5,459,211,51.86,35.69,42.27,31,25.81,24.5,23.41,33.01,31.89,27.53,26.74,44,269,33.43,21.83,49.98,31.35,39.32,28.43,38.1,30.68,36.12,42.93,29.95,30.88,39.11,41.25,25.6,26.05,36.8,32.58,26.68,27.66,30.26
Jun_2009,Jun-09,14.62,18.01,18.2,37.68,63.83,42.03,39.35,21.4,119.72,22.05,101.82,55.37,68.58,43.84,19.39,157.18,20.28,23.13,85.9,44.05,37.8,27.64,71,38.53,21.77,43.59,56.18,36.94,24.35,17.59,31.58,27.86,23.5,34.92,26.19,37.1,18.26,17.01,18.12,14.22,17.41,30.24,29.56,12.72,30.12,40.71,18.98,92.33,35.33,20.28,23.72,15.31,16.45,24.65,15.48,18.76,405.98,30.76,37.6,721.35,43.91,84.67,49.87,205,71.86,246,17.78,34.07,21.51,24.5,661,31.21,15,15.47,34.85,33.79,12.69,21.69,7.83,24.8,95.15,24.44,20.53,25.14,23.87,78.37,23.33,20,17.75,632,33,26.5,20.94,59.11,34.02,32.68,4,22.28,21.84,14.57,36.11,8.33,387.5,205,52.52,34.22,39.07,30.04,25.43,23.69,22.28,31.7,30.65,26.41,26.05,44.67,107.2,36.99,21.83,49.83,30.59,37.66,26.83,36.75,29.11,35.11,41.29,29.28,28.69,38.27,39.23,24.4,25.48,36.68,31.96,25.93,26.94,28.9
Jul_2009,Jul-09,18.95,19.66,19.65,40.51,69.62,45.17,42.1,22.81,140.63,24.15,116.45,59.43,82.26,49.79,20.75,188.66,22.1,24.78,94,48.67,37.4,30.45,77,40.44,23.58,42.8,58.47,38.62,26.7,18.54,37.73,29.25,24.86,34.06,27.83,38.62,19.17,18.27,19.37,14.98,18.71,31.32,30.98,13.65,32.11,46.7,20.89,102.62,35.34,21.65,27.29,16.49,17.41,27.12,16.55,19.79,452.59,34.92,40.08,746.39,50.72,89.55,54.06,245,65,265,18.41,32.5,23.02,22.99,593,33.86,16,15.46,35.84,37.63,14.23,23.19,7.83,27.53,101.03,31.04,21.78,25.35,24.38,62.16,26.21,24,18.98,710,33,27.5,21,64,36.13,33.58,4,23.88,22.91,15.29,39.29,18.33,440.5,287,51.28,36.61,44.72,33.44,26.22,25.41,23.82,34.64,33.6,29.19,28.28,56.33,3231.6,39.95,23.83,55.73,34.19,41.08,29.16,39.43,31.43,36.77,45.14,31.29,30.35,43.64,41.64,24.75,27.3,40.91,36.17,27.92,29.42,30.22
Aug_2009,Aug-09,19.24,20.33,19.91,40.93,68.87,44.92,43.28,22.51,142.83,23.78,117.9,59,83.21,49.85,20.49,180.93,22.07,24.87,93.52,46.62,37.4,30.28,71.75,40.02,23.07,44.32,62,39.74,27.14,19.35,37.92,29.51,25.02,37.25,28.67,39.48,19.92,18.82,20.01,15.62,19.33,32.47,31.87,13.99,33.31,45.42,21.5,98.25,35.72,22.47,28.11,16.46,17.62,27.92,16.67,19.87,473.88,35.57,41.61,768.45,50.33,97.71,54.61,270,62.43,249,19.02,34.68,24.04,24.95,589,34.19,16,15.96,36.05,38.72,13.02,23.33,7.33,28.29,113.19,33.99,21.65,26.67,24.93,82.72,26.5,23,20.87,625,30,27.5,24.09,71,37.16,36.13,5,24.2,24.18,16.57,40.46,22.33,455.5,305,57.3,38.06,45.36,34.55,28.53,25.36,23.72,35.11,33.49,29,27.91,61.33,3235.6,47.3,22.5,55.29,33.94,42.86,30.01,40.09,33.2,36.93,45.54,32.83,32.45,45.75,46.28,24.25,27.7,40.26,37.54,28.74,29.31,30.86
Sep_2009,Sep-09,17.93,18.66,18.8,38.04,67.33,43.71,46.62,21.59,139.36,21.97,115.29,61.7,83.2,49.27,19.43,184.37,20.92,24.02,91.01,44.17,40.2,28.58,63.74,37.33,22.21,42.64,58.94,38.83,24.97,18.12,35.71,28.46,23.83,36.5,27.65,38,19.1,18.08,19.07,15.11,18.53,31.09,30.14,13.46,32.49,42.69,21.42,96.29,33.73,20.67,26.78,15.73,15.89,24.72,15.82,18.33,418.87,31.62,39.79,770.9,47.25,93.78,52.6,337,57.64,235,18.04,34.48,22.36,22.13,541.25,31.35,13,15.21,34.39,37.21,12.55,22.64,8.83,24.95,87.09,27.26,20.63,27.37,23.54,87.35,25.59,16,19.7,507,28,32.5,23.05,74.42,35.53,33.35,4,22.45,23.2,14.86,35.75,21,479,395,51.43,35.15,41.59,30.77,25.03,23.51,22.33,33.33,30.76,26.57,25.53,55,3110.4,43,17.17,51.67,32.47,41.87,28.3,37.25,31.14,35.2,42.22,30.44,31.08,39.25,42.54,22.8,26.36,38.1,34.92,26.32,27.42,29.42
Oct_2009,Oct-09,17.53,18.01,18.73,36.9,65.99,42.86,45.2,21.26,128.18,21.85,107.08,57.95,80.65,49.16,19.15,175.82,20.7,23.41,90.43,44.48,14.4,27.97,63.61,35.54,23.07,41.69,58.46,38.74,24.31,17.41,35.25,27.96,23.44,34.75,26.67,37.41,18.05,16.27,18.08,13.63,17.56,29.52,29.42,12.15,29.72,40.86,16.44,95.56,31.2,20.33,27.42,15.27,16.03,22.63,15.1,18.02,406.13,26.72,38.26,766.87,44.3,91.88,47.66,237,51.14,270,16.46,32.79,20.82,20.77,461,29.96,10,14.8,34.05,37.21,10.25,22.96,9.67,25.45,90.08,25.89,20.73,29.27,22.26,78.85,21.47,15,16.5,430,28,27,18.62,61.47,32.74,30.29,4,20.89,19.6,13.86,33.96,21.33,434,415,45.48,33.91,40.44,30.02,22.77,22.89,20.46,29.2,30.83,25.31,24.12,40.33,3202.4,33.1,16.17,45.54,27.58,35.24,27.07,36.85,29.31,34.59,40.64,29.42,27.91,37.72,39.35,22.33,25.31,35.11,31.81,25.58,26.11,27.73
Nov_2009,Nov-09,14.29,16.29,17.62,33.35,63.31,41.55,41.83,19.24,116.16,20.56,100.34,54.44,78.48,48.06,17.64,158.86,19.01,21.07,81.96,42.5,13.2,26.39,61.76,33.5,21.94,37.81,55.01,36.92,22.49,15.59,31.26,25.75,21.68,33.65,24.38,34.27,16.38,15.45,16.75,13.15,16.46,26.5,27.54,11.52,28.66,33.11,15.39,89.8,30.16,18.75,26.19,14.19,14.51,20.13,13.77,16.2,369.53,22.94,36.8,674.58,36.29,85.63,40.6,198,42.21,249,15.73,30.98,19.05,18.51,323.25,24.18,9,13.41,31.8,33.21,9.93,16.82,7.33,22.69,77.34,22.17,17.7,27.17,20.44,73.72,19.06,10,15.66,321,28,24,18.32,53.05,31.22,26.93,4,18.08,18.51,12.29,28.45,19,402,334,35.92,28.33,33.11,23.24,20.17,19.94,18.53,25.75,25.78,20.04,20.32,27,3074.8,33.73,11.83,36.82,25.02,32.42,23.78,32.91,26.46,31.44,34.47,26.37,26.55,30.22,33.4,18.88,23.4,30.12,28.61,22.44,23.33,25.64
Dec_2009,Dec-09,14.08,15.98,17.65,32.61,62.42,41.81,37.57,18.99,113.61,20.51,88.8,51.12,72.34,43.29,17.3,149.74,19.1,20.63,81.04,38.42,11.2,24.2,56.96,32.39,22.71,34.23,53.44,36.61,21.64,14.64,30.49,24.46,20.52,30.75,23.84,33.77,16.12,13.46,15.57,12.2,15.91,24.73,24.09,10.37,25.4,31.63,12.96,87.44,27.22,18.1,24.74,13.97,14.52,17.87,12.98,15.58,364.91,19.68,32.38,584.35,31.97,77.97,34.3,147,48.64,244,14.55,32.79,17.48,16.47,251,24.44,7,13.13,31.76,32.04,7.8,17.27,6,22.06,70.04,21.11,17.35,23.26,18.55,77.95,13.8,10,12.36,235,29,18.5,12.84,40.26,28.44,22.64,4,17.06,13.47,10.71,26.16,15.33,405.5,338,32.43,26.5,30.86,21.96,18.41,19.21,16.86,22.35,25.19,18.99,18.33,23,458.4,29.19,11.83,31.7,19.51,24.98,22.04,32.25,22.68,30.81,33.75,24.51,21.59,27.74,25.57,16.76,21.57,24.87,23.55,21.07,22.22,22.62
Jan_2010,Jan-10,13.69,15.7,17.24,30.88,59.67,41.25,37.41,17.83,110.21,19.79,92.63,52.1,71.46,44.64,16.28,157.99,17.55,19.4,79.18,43.53,12.8,24.94,55.34,31.73,21.15,33.18,52.49,35.09,20.76,14.3,29.56,23.86,19.41,28.63,23.3,33.11,15.18,12.99,15.17,12.13,15.68,23.91,24.06,10.37,25.5,25.63,12.7,87.84,28.21,17.43,24.42,13.54,13.86,16.45,11.89,14.56,350.28,17.62,31.75,693.97,23.99,76.41,27.41,136,53.36,222,14.92,33.06,16.76,15.59,248.25,18.02,7,12.5,31.08,31.05,7.75,14.31,5.67,20.59,65.76,19.33,15.58,20.06,17.79,79.02,12.86,8,12.15,118,31,15,12.23,40.11,27.74,21.33,4,15.63,13.21,10.14,21.87,11.67,301,227,25.79,22.25,23.73,16.24,16.73,16.59,15.31,19.25,20.93,14.62,15.11,18.33,367.4,26.51,8,25.17,16.92,22.81,19.64,29.3,21.89,28.83,31.6,23.54,20.94,22.31,24.87,16.68,19.88,22.5,22.2,19.58,20.16,20.64
Feb_2010,Feb-10,12.37,14.04,15.19,26.6,53.1,37.01,36.15,16.05,96.83,17.66,85.01,48.21,68.63,41.94,14.83,141.85,15.89,17.61,67.73,40,11.8,23.27,50.35,29.13,18.7,29.98,48.31,31.67,18.58,12.84,27.07,21.46,17.89,25.51,21.09,29.79,13.51,11.71,13.44,10.82,13.78,22.21,21.56,9.35,23.66,22.09,11.13,78.02,25.18,15.2,22.59,12.26,12.34,15.34,10.97,12.33,294.51,15.53,29.03,578.68,22.36,62.57,26.12,141,46.29,218,12.78,26.69,15.15,13.12,217.5,15.97,4,10.8,26.7,26.35,7.39,12.33,4.33,18.24,62.5,16.9,13.26,17.1,14.77,64.04,10.97,8,10.5,167,29,15.5,10.17,35.79,23.91,17.39,3,13.54,11.24,7,17.37,5,230.5,176,21.54,18.88,21,12.43,14.52,14.92,13.89,17.32,18.15,12.78,13.42,13,331.8,22.06,7.83,23.4,15.68,20.51,17.29,25.25,18.1,25.65,28.28,20.26,18.28,16.92,20.83,14.59,18.22,20.93,20.69,17.38,18.57,19.25
Mar_2010,Mar-10,13.96,16.15,17.27,31.5,60.6,41.19,40.27,17.61,112.8,19.96,91.78,50.35,75.57,46.82,16.46,160.05,17.87,19.64,79.45,44.69,12.4,26.53,54.78,32.55,21.55,34.84,53.08,34.79,21.12,14.7,31.52,23.75,20.08,29.65,22.19,33.07,15.27,13.31,15.5,12.02,15.46,24.52,24.34,10.38,26.37,30.33,13.03,89.9,28.97,17.25,25.86,13.37,14.26,18.52,12.58,15.05,339.99,19.03,32.09,626.94,30.46,81.41,32.5,171,51.93,213,14.41,29.35,18.79,16.64,514,23.45,6,13.23,31.76,31.71,8.14,17.44,5.83,22.37,75.62,20.93,16.45,20.37,17.72,68.87,14.22,10,11.85,327,34,18.5,11.89,47.74,27.31,21.11,3,16.04,12.97,9,24.37,10,382.5,221,31.05,24.95,28.18,19.75,17.84,17.98,16.31,20.84,22.67,16.64,16.88,21,368,25.22,14.33,29.06,18.76,24.03,20.32,30.51,21.42,29.31,32.77,23.48,20.54,24.44,25.63,16.82,20.9,25.45,23.96,20.86,21.27,21.95
Apr_2010,Apr-10,13.62,16.68,17.25,32.74,59.35,39.35,40.54,18,106.81,19.56,90.52,49.6,72.9,44.99,16.29,145.38,17.56,19.81,79.94,41.31,22.2,25.66,58.94,32.78,20.67,37.05,52.3,34.31,21.52,15.17,31.07,25.37,20.68,30.78,22.55,32.98,15.61,14.26,16.05,12.4,15.75,25.99,25.09,11.41,27.17,31.1,15.98,85.94,28.41,17.55,25.6,13.51,14.05,20.52,12.97,16.21,365.44,23.72,34.51,596.52,33.28,86.98,36.66,165,46.93,225,15.66,31.01,19.9,18.3,623,23.53,10,14.32,33.2,35.48,10.5,17.53,6.5,23.02,171.67,21.23,16.73,20.91,20.83,71.2,17.5,10,13.99,392,34,45,15.54,51.47,29.61,26.1,3,17.7,17.39,12,28.32,20.33,407,222,36.82,26.46,28.52,22.17,19.2,18.58,18.13,23.69,22.78,17.5,18.86,24,677.8,27.6,14.33,34.81,23.45,30.2,21.74,30.84,24.82,29.43,33.26,25.39,24.42,28.32,33.09,18.92,22.47,29.17,27.08,21.41,22.01,23.9
May_2010,May-10,14.07,17.69,18.17,35.77,64.89,42.58,43.2,20.7,113.03,21.43,101.63,53.68,80.29,48.15,17.89,159.9,19.83,22.19,84.29,43.46,34.8,29.36,71.64,36.35,21.93,43.25,54.54,36.53,23.98,17.01,33.99,26.64,22.2,32.75,23.99,35.11,17.33,15.26,17.16,13.14,16.58,27.86,26.44,11.83,28.94,39.53,17.11,91.01,29.08,18.9,26.68,14.67,15.52,22.58,14.28,17.72,382.22,27.56,35.82,666.65,42.37,93.23,44.19,170,43.14,242,16.36,32.33,21.4,22.42,494.25,29.49,11,15.25,34.25,33.77,11.2,21.74,7.33,25.21,104.48,24.28,19.92,21.75,22.79,70.34,19.98,19,15.34,538,32,49,17.3,61.58,32.01,28.99,3,20.51,18.87,14.14,33.72,21,443.5,231,47.95,33.38,38.86,27.94,22.45,22.02,19.82,27.83,29.43,24.54,23.25,27,440.2,29.41,19,45.13,26.94,33.89,25.7,34.71,27.21,33.2,38.71,27.84,26.44,34.64,36.53,19.9,24.99,34.04,29.92,24.22,25.03,27.02
Jun_2010,Jun-10,13.56,17.67,17.69,36,62.8,41.28,40.93,20.84,108.15,21.03,101.09,51.8,78.22,48.88,17.83,161.23,19.35,22.13,84.03,42.66,35.6,28.44,71.18,35.38,20.59,44.06,54.43,35.94,24.71,16.55,33.28,26.68,22.76,33.52,23.76,35.4,17.69,17.05,17.91,14.16,17.42,29.59,28.68,12.94,29.94,39.4,19.58,89.81,28.21,19.34,26.18,14.88,15.4,23.92,14.52,18.14,371.62,29.37,37.32,730.61,42.68,99.08,46.13,190,35.5,156,17.69,30.84,23,26.52,555.25,28.89,12,15.1,33.82,36.09,13.45,21.69,7,25.27,102.84,24.62,19.9,22.84,24.02,62.9,24.47,20,18.39,561,28,39,21.98,60.89,33.46,32.82,3,21.51,22.9,17,35.4,20,461,224,50.16,33.62,37.9,29.25,23.46,22.11,20.82,30.04,29.01,25.12,23.81,27,424,30.2,18.83,47.89,29.96,39.26,26.66,34.85,29.48,33.54,38.33,28.88,29.74,36.65,38.56,20.45,25.44,36.24,32.76,24.99,25.21,27.95
Jul_2010,Jul-10,15.25,18.39,18.75,38.45,68.58,43.81,43.7,22.22,125.67,22.72,110.84,56.63,84.93,52.29,19.69,165.43,21.31,24.36,88.98,45.8,37,30.02,76.48,36.85,22.01,49.45,55.47,37.51,26.87,18.08,35.88,28.12,24.66,35.66,27.45,36.54,18.64,18.26,19,15.08,18.24,33,30.33,13.52,32.11,43.68,21.33,94.1,30.73,20.29,27.06,16.2,16.7,25.68,15.84,19.33,431.94,33.54,38.57,791.84,47.61,103.2,51.84,241,27.07,214,18.13,32.02,23.66,27.08,592.75,33.14,13,15.75,33.58,37.9,14.44,23.64,7.17,26.29,103.09,27.8,20.77,25.54,25.25,80.73,25.55,24,19.39,634,32,39.5,20.69,67,35.31,35.04,3,23.4,24.2,18,39.01,19.67,471.5,267,57.26,37.17,44.06,32.89,26.07,24.78,22.81,33.83,33.07,29.25,26.43,41,453.8,35.23,21,53.98,32.82,41.82,28.81,37.99,31.5,35.58,41.45,30,31.64,41.49,41.88,19.57,27.3,39.75,35,26.69,27.47,30.47
Aug_2010,Aug-10,15.73,18.74,19.23,39.69,68.55,43.98,51.29,22.07,128.51,22.93,116.72,59.91,90.36,49.78,19.78,179.11,21.26,24.23,91.34,47.14,44.6,30.17,73.79,36.45,22.64,50.79,57.19,37.88,26.82,18.94,36.69,28.37,24.92,38.21,28.06,37.56,18.46,18.31,19.33,14.98,18.45,34.51,31.06,13.53,33.25,43.69,21.25,99.83,32.6,20.09,27.11,16.39,17.05,26.04,16.01,19.64,472.81,34.69,39.92,798.74,47.83,103.85,52.72,287,29.33,211,18.21,32.44,23.23,24.93,541.25,32.08,14,16,35.32,38.66,13.31,23.73,7,26.46,109.2,28.19,21.1,24.99,24.92,86.34,26.31,22,20.1,665,34,39.5,21.53,79.3,36.17,36.27,4,23.86,25.14,18.57,40.76,24,497,275,56.58,38.05,44.94,34.25,26.78,24.77,23.33,34.99,33.17,28.89,26.31,46,652.8,33.52,20.33,54.6,34.22,44.61,29.42,38.67,33.21,35.9,42.95,31.2,33.21,43.89,41.47,21.32,27.82,41.15,36.93,27.43,27.85,31.59
Sep_2010,Sep-10,14.53,17.33,18.05,36.15,65.06,42.23,52.29,21.05,125.44,21.02,111.56,60.04,83.69,51.06,18.8,168.39,20.23,22.91,85.15,46.41,42.6,27.82,73.55,34.96,21.32,47.63,55.39,36.2,24.45,17.26,34.36,27.57,23.77,35.96,26.97,35.54,16.9,17.67,18.32,14.45,17.56,32.12,29.65,13.02,30.65,40.17,20.03,89.81,30.47,18.2,25.4,15.37,15.4,24.09,15.41,17.88,414.12,30.96,38.31,690.52,45.27,97.18,50.97,238,28.07,195,17.5,31.58,21.43,22.98,505,28.62,11,14.49,34.23,35.91,12.56,19.46,6.83,24.27,92.32,26.5,18.31,23.28,23.46,79.05,24.69,17,18.81,680,33,42,21.57,61.55,34.51,33,4,21.76,23.4,16,35.57,32,465.5,218,49.79,33.88,40.37,28.39,24.58,23.02,23.05,33.2,30.1,25.35,24.65,37.5,520.8,36.46,16.17,51.26,33.33,42.93,27.94,36.17,30.56,33.92,39.1,29.27,31.7,37.52,37.94,21.47,26.86,38.04,35.13,25.27,26.6,30.72
Oct_2010,Oct-10,15.15,16.91,17.94,34.96,65.55,42.37,51.95,20.18,127.35,21.17,107.68,59.87,86.41,49.62,18.64,164.4,20.11,22.53,83.45,45.87,24.4,26.26,75.07,33.8,22.14,40.33,56.14,36.49,23.61,16.7,33.16,26.3,22.31,33.59,26.01,35.34,16.41,15.1,17.07,12.82,16.58,28.6,27.38,11.17,29.52,37.46,15.43,90.26,28.88,17.19,25.71,14.62,15.16,20.64,14.39,16.84,370.42,24.88,34.96,761.42,40.06,88,44.38,252,26.2,218,15.38,32.6,19.82,21.32,306.25,27.16,7,14.11,32.92,37.31,9.11,20.04,7,24.28,82.54,23.87,18.24,21.76,21.2,76.78,16.73,16,14.44,527,36,32,14.15,49.35,31.01,28.14,5,19.99,17.49,13.14,32.06,36.67,344,221,44.49,31.78,37.45,26.21,21.27,21.87,20.13,26.52,28.79,23.7,21.98,36,770,36.04,16,43.17,24.87,30.9,26.03,35.23,27.29,33.26,37.45,27.46,26.41,35.52,33.7,18.26,24.8,31.06,29.2,23.92,24.78,27.26
Nov_2010,Nov-10,14.03,15.37,16.74,31.65,60.41,40.32,49.58,17.62,116.12,19.19,99.51,56.02,81.51,45.35,16.99,152.95,18.2,19.97,77.86,44.63,34,25.17,61.19,31.07,18.81,36.73,53.35,34.23,21.55,14.84,29.99,24.65,20.18,31.33,24.01,33.18,14.8,14.19,15.64,12.29,15.67,26.21,25.8,10.61,27.61,29.8,13.78,87.9,26.2,16.14,23.81,13.36,13.89,18.2,12.77,14.91,312.58,20.38,34.56,628.42,30.66,79.38,35.17,198,24.07,219,15.04,30.6,18.03,19.14,299.25,22.43,6,12.37,31.02,32.69,9.02,15.6,6.17,21.38,85.86,19.84,15.91,20.38,19.27,71.19,16.08,9,13.68,274,31,26.5,14.58,44.4,28.74,24.75,4,17.2,16.31,11.14,25.22,36.67,352,276,32.03,25.74,28.62,19.2,18.96,18.15,17.2,22.15,23.01,17.13,16.82,24.5,289.2,36.35,11.83,32.24,21.6,27.79,22.41,31.01,24.64,29.39,32.05,24.76,24.94,26.15,28.86,17.55,22.23,27.72,26.52,21.53,21.29,24.11
Dec_2010,Dec-10,13.53,15.01,17.18,30.97,60.16,40.6,47.33,17.81,107.54,19.37,96.7,54.48,79.54,44.56,16.92,144.13,18.37,19.94,76.96,42.14,13.2,24.56,52.62,30.17,18.8,32.76,52.76,34.53,21.24,13.96,30.71,23.9,19.61,29.76,23.06,32.98,14.53,13.95,14.91,11.87,15.15,24.49,22.99,10.29,25.49,27.93,13.29,87.43,24.19,16.09,23.04,13.49,14.26,16.52,12.7,14.24,297.86,18.01,31.61,558.23,29.19,74.75,31.87,140,23.67,202,14.5,30.67,16.85,17.07,223,21.92,5,11.73,30.64,31.19,7.89,15.77,5.83,20.7,67.8,19.51,16.33,19.59,17.34,73.47,13.21,9,12.08,236,30,17,11.61,33.75,27.71,21.46,5,16.28,13.5,9.43,22.63,37,290,293,28.51,24.13,26.56,17.61,17.94,18.14,16.52,20.56,22.71,16.82,16.61,22,352,27.13,13.17,29.59,18.51,23.47,21.48,30.77,21.99,29.48,30.39,23.5,21.68,23.4,23.93,16.54,21.28,24.36,23.19,20.46,20.87,22.69
Jan_2011,Jan-11,13.82,15.11,17.09,31.17,60.8,41.33,53.4,17.46,116.63,19.58,98.4,55.15,81.66,50.04,16.3,153.07,17.77,19.55,77.67,47.14,17,26.08,58.93,30.85,18.98,33.16,52.8,34.54,20.88,14.27,31.43,24.03,19.12,29.47,23.59,33.11,14.54,14.03,15.02,12.08,15.08,24.42,23.69,10.48,26.27,26.72,13.32,89.09,26.36,16.07,22.28,13.46,14.36,16.58,12.34,14.53,333.31,18.25,32.53,686.87,28.03,73.32,28.6,147,25.87,206,14.32,31.76,16.57,17.93,208,20.6,5,12.01,30.44,31.48,8.16,15.78,6.17,21.06,72.3,19.89,16.45,20,17.7,70.24,13.23,10,12.29,186,30,17,11.91,41.65,27.33,21.36,3,15.99,13.56,9.71,24.17,33.67,480,270,29.37,24.94,27.4,19.66,18.05,17.41,15.97,20.92,22.59,16.36,16,21,467.6,30.63,19.5,27.32,17.93,24.19,20.18,30.54,21.67,28.9,30.33,23.35,21.36,24.11,24.26,16.22,20.68,23.38,23.19,19.54,19.87,22.03
Feb_2011,Feb-11,12.6,13.99,15.13,28.41,53.86,36.7,48.6,16.07,116.22,17.51,87.26,47.27,73.98,43.18,14.6,136.06,16.1,17.89,70.12,40.24,11.8,23.77,54.43,27.68,17.07,29.63,48.9,31.22,19.09,13.1,28.17,22.02,17.41,26.78,21.77,30.53,13.19,12.71,13.71,10.71,13.78,23.18,21.72,9.15,23.4,24.06,11.3,78.47,22.86,14.56,20.97,12.01,12.87,15.07,11.35,13.29,306.33,16.91,28.29,566.19,29.34,72.49,25.87,156,23.73,193,12.58,28.19,15.91,17.8,228,18.29,5,11.16,28.41,30.78,7.69,14.06,5.5,19.14,63.34,17.93,14.61,18.54,16.62,57.53,11.94,10,10.85,160,27,14,11.56,38.3,24.77,20.31,1,14.87,12.3,8.86,22.77,33.33,251,238,26.26,22.63,24.67,17.69,15.85,15.92,15.05,18.73,19.99,14.75,15.2,19.5,341.6,28.08,16.83,25.53,16.19,21.58,18.47,27.17,19.97,26.13,28.98,21.71,19.12,21.99,23.41,15.71,19,21.19,21.02,18.01,18.41,19.94
Mar_2011,Mar-11,13.96,15.69,17.04,32.2,60.43,40.41,53.25,17.98,123.02,19.89,96.52,54.53,81.77,48.23,15.78,151.5,17.66,19.54,79.58,47.8,10.8,26.73,58.55,30.5,19.9,33.66,53.47,34.21,21.53,14.69,30.63,24.4,19.26,30.3,24,33,14.73,14.05,15.52,13.05,15.3,25.23,24.07,10.19,25.9,28.18,12.63,87.8,26.79,16.21,23.28,13.17,14.62,16.92,12.6,15.26,311.89,18.82,31.6,655.45,33.13,81.19,28.54,213,22.67,212,13.86,30.6,17.84,20.28,274.75,22.48,7,12.55,31.47,35.67,8.67,17.28,6,21.47,67.88,20.61,16.85,20.67,18.76,64.3,13.48,16,12.17,162,30,16.5,12.88,46.95,27.4,23.07,2,16.7,13.82,10.57,25.76,36,161,208,30.49,25.86,28.53,20.69,17.97,18.02,16.19,20.13,22.62,16.5,15.95,24.5,528,24.13,11.5,27.8,17.54,23.51,20.93,30.33,22.71,29.28,33.03,24.1,21.26,27.2,27.23,17.14,21.15,23.57,23.74,20.34,20.41,22.55
Apr_2011,Apr-11,13.97,15.57,16.77,32.85,58.79,39.1,47.96,18.33,114.09,19.42,92.61,51.46,78.34,46.12,16.37,149,17.58,20.01,78.38,44.05,22.8,27.08,67.52,31.78,19.66,38.75,53.21,33.77,22.5,14.96,30.74,25.87,21.05,32.51,24.69,32.25,15.33,14.65,16.5,12.44,15.42,28.25,25.7,10.94,27.92,31.72,17.08,88.33,25.52,16.24,24.66,13.63,14.26,20.79,13.41,15.9,351.85,24.47,35.05,665.03,37.25,87.4,36.43,237,22.73,251,15.89,31.04,18.48,21.19,323.5,24.63,9,13.02,31.67,35.46,11.13,17.31,5.67,21.92,78.33,20.6,16.54,22.07,20.46,73.34,17.92,14,14.69,411,29,25,16.07,54.4,29.2,25.5,3,17.65,17.53,11.43,27,36.33,236.5,185,35.6,26.72,29.24,22.17,19.9,18.98,17.55,24.34,23.11,17.47,17.94,25.5,493.8,27.12,12,34.7,23.6,31.12,22.05,30.21,25.09,28.95,32.22,25.09,25.6,28.85,31,18.05,22.98,29.66,28.45,20.87,21.71,25.67
May_2011,May-11,14.83,17.19,17.69,35.8,64.88,43.01,54.48,20.66,121.69,21.11,107.18,57.44,85.41,49.11,18.75,166.89,20.12,22.56,85.08,47.02,32.8,30.29,75.6,34.89,21.19,43.83,56.21,35.87,26.48,16.73,32.86,27.45,22.88,34.7,25.57,35.09,16.93,15.72,17.54,13.19,16.52,31.45,27.22,11.81,29.48,42.16,18.27,91.69,28.4,17.71,26.26,14.92,16.28,23.59,14.8,17.77,388.76,28.67,37.44,739.71,48.84,110.43,47.77,266,27.13,267,16.76,32.65,21.23,22.97,453.75,32.48,13,14.59,34.58,36.8,12,23.38,6.83,24.88,101.84,23.93,19.02,24.47,22.59,77.49,20.9,9,16.11,819,34,30,18.08,55.6,31.93,28.92,3,20.6,19.2,14.14,33.02,37,285.5,253,47.07,33.37,38.03,27.79,23.06,22.34,19.97,28.18,28.8,24.04,23.26,35,115.4,29.83,15.33,45.68,26.87,35.08,25.91,34.23,27.8,32.98,36.98,28.01,27.94,35.81,36.17,20.84,25.37,33.95,30.48,24.24,25.11,28.84
Jun_2011,Jun-11,14.81,18.13,17.44,36.24,63.59,41.2,49.53,20.71,118.82,20.76,101.08,52.78,75.1,47.21,18.75,150.61,19.89,22.59,86.41,43.78,54.6,29.74,75,33.46,21.06,46.52,55.96,35.29,26.04,17.13,33.19,27.47,23.76,36.56,25.11,35.67,17.2,17.22,18.3,13.77,17.53,33.4,28.78,12.74,29.82,42.08,19.37,90.13,26.67,18.2,26.13,14.87,16.24,24.87,15.23,18.35,383.44,30.61,38.42,712.97,48.21,110.07,49.21,273,26,127,17.53,30.24,22.47,22.99,453.75,31.47,15,14.91,34.54,37.24,14.51,23.42,7.17,24.21,99.72,24.72,19.08,26.02,24.15,74.43,24.21,7,18.08,748,35,34.5,21.34,52.75,33.21,32.5,3,21.8,22.54,17.43,34.91,36.33,253,254,51.52,33.31,37.25,28.46,24.54,22.44,21.52,30.88,28.3,24.63,24.29,37.5,115,31.32,17,49.64,30.41,40.09,26.98,34.22,29.95,33.36,37.73,29.47,30.9,37.97,41.34,20.92,26.02,36.59,33.51,25.2,25.65,29.75
Jul_2011,Jul-11,16.12,19.07,18.47,38.74,69.72,44.07,43.45,22.6,132.84,22.54,111.23,58.4,92.96,51.83,20.4,163.86,21.92,24.64,87.6,47.08,60.6,29.97,77.45,35.81,21.97,49.32,58.02,36.65,28.31,18.56,35.04,28.15,24.66,39.07,27.46,37.5,18.49,17.96,19.2,14.86,18.22,34.39,30.21,13.43,32.47,47.67,20.27,99.23,28.19,19.58,26.92,16.1,17.29,26.7,16.55,19.26,362.3,33.22,41.29,622.75,50.39,101.11,53.77,383,32.71,,17.9,29.16,23.13,27.03,543.75,35.73,16,15.49,35.91,41.12,14.93,25.23,7.83,26.49,106.05,28.77,19.1,27.57,26.08,85.31,25.51,,19.35,,,,22.37,59.37,35.57,35.22,,23.91,23.89,19.57,39.84,,,,60.44,38.11,45.11,33.53,26.97,25.9,22.94,39.75,34.02,30.5,29.24,,945,34.76,,57.57,33.36,43.61,29.8,37.31,31.71,35.46,30.53,31,32.11,43.41,42.85,21.88,27.69,39.97,32.88,27.16,27.67,32.2
Aug_2011,Aug-11,16.55,18.97,18.68,38.87,67.1,43.68,44.22,22.14,129.52,22.23,105.87,54.06,82.87,49.33,20.2,160.1,21.39,24.14,89.58,44.51,49.8,29.21,78.93,36.65,21.32,48.24,59.29,37.36,27.23,19.24,35.23,28.67,24.57,38.61,27.6,37.73,18.88,17.98,19.51,14.61,18.17,33.67,30.6,13.17,32.51,46.79,20.88,94.6,28.4,19.88,26.6,15.64,17.33,26.69,16.39,19.62,419.97,34.18,40.28,723.59,48.99,96.94,53.76,481,30.36,,18.39,34.78,22.6,26.32,563.25,34.72,15,15.84,35.7,39.84,15.82,25.37,8.5,26.05,95.65,31.05,19.12,29.91,25.82,85.52,27.6,,20.26,,,,24.68,68.95,37.34,37.53,,24.75,26,18,42.48,,,,61.65,39.06,45.4,34.64,27.98,25.7,22.87,45.62,34.05,29.9,28.47,,943.8,39.4,,56.98,34.44,46.25,29.96,37.94,33.67,36.23,42.67,31.87,33.93,45.91,41.72,22.45,27.67,40.51,34.92,27.57,27.89,32.28
Sep_2011,Sep-11,15.29,17.37,17.59,35.7,65.13,42.68,44.87,20.85,129.63,20.8,105.58,57.88,85.74,49.84,18.96,167.23,20.22,22.96,86.3,46.72,47.4,28.54,75.17,34.77,20.1,45.37,57.46,35.98,22.95,17.26,33.68,27.3,23.51,37.39,26.87,35.22,17.57,17.13,18.49,14.21,17.28,31.62,29.34,12.51,30.61,41.35,20.13,94.97,26.77,17.9,24.87,15.12,16.03,23.8,15.57,17.91,368.97,30.24,39.29,665.13,44.93,93.56,51.37,416,28.57,,17.36,32.96,20.38,24.17,548,29.19,12,14.22,33.69,37.85,14.73,21.17,7.17,24.33,89.34,27.11,17.81,29.23,23.54,79.25,25.18,,19,,,,23.01,73.26,34.86,33.68,,22.41,24.23,14.71,36.84,,,,51.42,34.59,42.56,30.1,24.78,23.61,22.41,42.41,29.9,26.61,25.5,,933.8,36.45,,52.56,32.6,43.4,27.97,34.96,31.01,34.32,38.31,29.64,32.03,39.2,37.67,20.41,26.62,38.3,33.62,25.3,26.64,30.9
Oct_2011,Oct-11,15.26,16.79,17.58,34.76,64.04,42.59,44.43,20.01,126.65,21.27,102.4,56.52,83.45,49.98,18.5,156.01,20.02,22.15,83.19,45.31,28.4,29.42,72.31,33.73,20.26,38.45,56.66,35.78,22.66,16.71,33.56,26.61,22.44,34.77,26.01,34.87,17.34,14.8,17.27,12.85,16.36,29.68,26.97,11.09,29.48,38.6,16.29,96.33,27.15,16.99,25.13,14.65,16.15,21.29,14.56,17.17,341.46,24.61,36.33,649,40.13,88.38,44.73,540,36.14,,15.41,31.99,19.11,23.1,396.5,27.86,9,13.71,33.6,39.03,13.58,22.1,6.83,24.33,79.16,26.14,17.98,25.89,21.63,73.57,19.21,,15.42,,,,18.58,54.21,31.63,28.96,,20.6,18.84,12.71,34.38,,,,47.81,33.23,40.08,29.96,23.09,22.44,19.93,38.09,29.34,24.92,23.51,,947.8,31.7,,44.7,25.92,33.87,25.91,35.15,27.62,33.54,37.17,28.27,26.73,37.64,34.28,19.47,25.18,31.91,28.12,24.04,24.65,27.87
Nov_2011,Nov-11,14.65,15.37,16.6,31.69,59.91,39.74,40.01,17.89,114.39,19.18,95.41,57.98,77.57,45.87,16.82,147.23,17.91,20.02,77.91,42.91,15,26.23,60.72,30.87,18.25,34.7,53.39,34.09,20.69,15.25,30.43,24.84,20.76,31.59,23.63,32.86,15.38,13.66,15.71,12.25,15.52,26.59,25.4,10.39,27.26,28.66,14.78,86.54,24.56,15.93,24,13.41,14.67,18.47,13.04,15.48,322.26,21.43,34.94,571.97,30.74,78.22,36,356,39.93,,14.96,30.91,17.74,20.22,249.5,20.6,7,12.43,31.84,36.47,14.47,16,6.83,20.91,69.44,21.33,15.49,21.09,19.71,57.49,16.49,,14.38,,,,16.91,31.32,29.67,26.09,,17.79,17.7,10.71,28.25,,,,32.64,25.34,28.96,22.04,19.82,18.22,17.23,32.84,22.9,17.86,19.13,,884.6,25.31,,33.99,22.25,29.86,22.07,30.55,24.97,30.15,31.24,25.94,24.74,28.65,30.92,18.18,22.6,27.41,26.05,21.27,21.54,25.17
Dec_2011,Dec-11,14.42,15.47,16.94,31.62,60.97,40.87,36.9,18.43,113.17,19.65,92.74,56.42,80.2,43.76,17.08,144.34,18.21,20.21,78.35,41.5,15.8,25.18,56.16,31.45,18.63,35.54,53.91,34.56,20.7,14.84,30.69,25.01,20.88,31.47,23.12,32.45,15.33,13.37,15.29,12.47,15.64,26.32,24.49,10.38,26.87,29.25,13.73,87.38,24.64,16.18,23.55,13.8,15.18,18.1,13.17,15.17,327.88,20.9,33.63,523.69,31.8,80.27,35.94,326,41.29,,15.09,31.84,17.74,18.76,369,21.41,6,12.07,31.76,36.17,10.62,16.42,6.83,20.97,73.82,20.86,15.22,20.25,19.45,56.45,15.82,,13.84,,,,15.14,28.68,29.83,24.38,,17.52,15.96,9.14,26.47,,,,31.48,25.74,29.53,22.2,19.69,18.43,16.84,32.07,24.07,18.45,20.09,,911.4,29.69,,33.1,20.72,27.46,21.71,31.09,23.84,30.81,28.76,25.36,23.51,26.4,29.28,17.89,22.74,26.22,25,21.14,21.8,24.49
Jan_2012,Jan-12,14.25,15.52,16.83,31.76,60.96,41.11,40.28,18.61,110.53,19.58,96.24,56.37,75.4,46.04,16.84,146.95,18.28,20.22,79.1,44.95,12.6,27.02,62.89,31.2,18.59,34.76,53.94,34.27,22.37,15.24,30.83,24.97,20.47,31.72,23.5,32.53,15.11,13.38,15.5,12.58,15.62,25.33,24.99,10.49,26.27,30.21,13.43,87.74,24.65,16.26,23.14,13.68,15,17.97,13.3,15.41,325.27,20.91,34.01,571.44,32.49,78.33,35.8,286,41.64,,14.65,31.31,17.89,19.6,351.25,22.8,6,12.35,31.85,32.21,9.42,17.98,6.5,21.07,65.51,20.63,15.05,19.85,18.98,54.17,15.81,,13.74,,,,14.66,28.05,29.24,24.47,,17.5,15.93,9.57,26.73,,,,32.38,26.58,30.09,23.34,18.96,18.37,16.98,30.76,23.82,19.03,20.19,,908.4,35.15,,32.93,20.21,27.77,21.65,30.69,23.86,30.74,31.73,25.36,23.61,27.19,28.96,17.49,22.42,25.5,25.14,21.17,21.82,24.08
Feb_2012,Feb-12,13.88,14.99,15.78,29.97,56.85,38.06,37.98,17.26,104.68,18.6,90.89,53.45,77.43,44.85,15.77,141.92,17.09,19.26,73.52,44.45,11.8,24.56,60.48,29.49,17.43,32.92,51.48,32.18,20.87,14.56,29.04,23.18,19.55,30.45,22.72,31,14.15,12.93,14.69,11.44,14.54,25.21,23.71,9.8,25.72,29.07,13.25,81.82,23.96,15.4,23.16,12.71,13.8,18.17,12.39,14.72,312.71,20.82,32.2,533.59,30.54,75.98,33.42,460,41.07,,14.23,29.01,17.24,18.95,427,21.81,6,12.44,30.72,34.8,8.13,17.47,5.5,19.96,68.76,19.58,14.17,18.86,18.18,50.66,14.32,,12.66,,,,12.74,29.21,27.72,24.03,,16.5,15.72,9.43,25.88,,,,33.12,25.3,29.13,22.29,17.61,17.41,16.57,29.34,22.69,17.94,18.92,,852,33.68,,31.11,20.39,26.85,20.82,28.95,22.56,28.94,30.96,24.36,22.46,25.91,26.12,17.75,21.04,25.63,24.06,19.96,20.48,23.28
Mar_2012,Mar-12,15.38,16.14,17.08,32.23,61.44,41.26,42,18.38,113.07,20.22,99.64,56.83,84.29,48.31,17.11,150.57,18.5,20.96,78.22,47.41,19.2,28.04,64.47,32.65,18.89,37.49,55.22,34.69,22.81,15.21,31.39,25.15,21.01,32.49,24.29,32.77,15.48,13.98,15.63,12.15,15.68,27.34,25.21,10.53,27.22,32.32,15.01,88.75,25.4,16.74,25.49,13.75,14.72,20.08,13.27,16,325.06,22.7,34.31,577.41,33.43,86.32,35.7,395,44.36,,15.23,31.13,18.81,21.35,400.5,24.74,7,13.18,32.75,41.65,8.71,17.81,6.17,21.4,87.41,21.33,15.71,20.81,20.44,65.31,15.12,,13.48,,,,13.7,32.21,29.75,25.79,,17.56,16.9,10,27.1,,,,34.82,26.28,30.09,21.45,18.69,18.86,17.66,32.97,24.05,18.54,20.65,,855.8,36.51,,32.74,21.9,28.65,22.48,31.24,24.42,30.63,34.16,25.87,24.08,27.88,27.87,19.42,22.71,27.9,25.68,21.65,21.99,25.25
Apr_2012,Apr-12,15.08,15.72,16.69,31.78,59.15,39.92,40.43,18.2,111.23,19.78,97.63,55.7,81.02,45.04,17.19,146.82,18.06,20.6,76.12,45.74,41.4,26.62,64.51,31.77,18.18,37.54,52.44,33.66,21.44,14.89,30.29,24.68,20.71,31.82,24.03,31.53,15.69,14.15,15.42,12.49,15.59,26.66,24.93,10.61,26.76,31.97,16.17,85.93,24.68,16.54,24.88,13.59,14.45,19.62,13.36,15.61,334.42,21.15,34.34,572.84,34.25,81.26,37.94,257,49.71,,14.56,29.6,18.56,20.34,419,24.09,8,12.8,32.2,35.09,10,17.42,6.17,20.67,72.24,20.76,15.26,20.76,20.14,63.22,16.93,,14.06,,,,14.82,34.21,29.94,25.47,,17.8,17.69,9.14,25.67,,,,34.38,25.69,29.52,19.86,18.97,19.02,18.08,32.54,23.6,18.96,20.44,,313.4,35.19,,36.26,24.24,31.4,22.23,30.81,24.77,29.91,33.37,25.05,24.74,27.18,27.17,18.43,22.88,28.91,26.42,22.09,22.3,25.5
May_2012,May-12,16.56,17.78,17.91,36.24,64.6,42.87,42.29,19.91,122.84,21.61,108.08,59.45,83.78,49.91,19.18,160.4,20.26,22.55,84.57,47.69,47,28.91,72.31,32.48,19.95,43.21,55.54,35.49,23.8,17.27,34.17,25.77,21.63,34.87,25.23,34.57,17.61,15.45,16.95,13.13,16.69,30.78,26.76,11.42,28.51,39.98,18.58,92.76,28.33,18.35,26.74,14.6,16.62,22.54,14.66,17.44,355,24.17,36.13,636.88,40.72,95.06,43.56,264,54.79,,15.53,31.29,20.28,24.73,549.5,30.05,9,14.31,35.59,34.82,10.47,23.51,6.67,25.19,83.99,24.31,19.24,22.42,22.67,62.99,19.71,,15.45,,,,17.15,41.74,32.8,29.87,,21.27,19.46,12.29,34.87,,,,52.02,34.27,41.13,30.39,23.77,22.7,20.33,37.97,30.11,26.12,24.28,,877.2,41.54,,46.08,26.9,35.81,26.11,35.43,27.91,33.43,39.46,27.94,27.32,37.54,33.68,19.43,24.56,33.98,28.82,25.87,25.13,27.93
Jun_2012,Jun-12,16.21,18.55,17.88,36.94,63.34,40.6,41.13,20.48,121.41,21.56,107.56,59,84.78,50.06,19.45,162.26,20.08,22.68,86.13,48.47,38.6,28.39,74.53,34.14,19.9,48.52,56.6,36.72,25.03,17.64,34.2,27.96,23.28,36.21,25.14,34.71,18.54,17.81,18.46,14.14,17.47,32.6,28.5,13.08,30.76,41.69,19.33,91.48,29.05,18.97,26.44,15.1,16.17,26.15,15.31,18.36,388.04,31.84,39.28,669.19,44.13,104.39,48.89,317,57.79,,19.33,33.23,22.28,28.1,625.25,29.58,12,14.89,35.4,36.72,13.62,23.36,6.67,25,94.5,24.98,19.43,23.63,24.87,62.25,26.49,,19.23,,,,21.56,44.58,35.59,35.6,,23.19,25.17,15.29,38.36,,,,58.25,34.86,41.39,32.75,26.01,23.58,21.53,42.27,30.6,27.37,27.04,,878,41.18,,51.51,32.88,44.38,27.82,35.62,31.42,33.91,40.75,31.06,32.58,40.69,43.94,21.75,26.15,38.87,34.35,26.97,26.51,30.33
Jul_2012,Jul-12,11.43,11.98,11.31,22.91,32.06,12.59,13.02,11.84,11.5,12.55,9.8,5.14,,12.08,11.23,10.89,12.32,14.6,49.09,19.53,,11.95,35.31,13.12,10.64,19.72,11.11,11.12,10.1,11.25,10.78,14.69,17.65,19.23,12.12,10.95,11.89,13.79,11.13,10.78,11.4,14.43,21.77,10.67,16.7,37.75,14.86,10.26,11.16,12.22,11.81,11.48,10.91,17.18,11.22,12.81,,19.44,29.46,,45.59,10.62,55.81,,103.83,,11.67,7.09,13.37,12.43,,30.15,12,9.62,10.57,14.8,13.32,23.04,7.17,13.01,,12.54,13.87,11.31,14.37,12.57,20.41,,15.94,,,,22.06,46.33,17.53,25.33,,18.92,23.46,16.29,30.36,,,,34.4,29.14,33.33,27.59,17.8,17.76,17.21,20.64,22.09,26.17,19.8,,,19.24,,44.32,29,31.36,20.77,16.81,25.48,17.63,18.18,17.91,25.69,42.42,17.62,16.92,16.57,27.1,26.73,17.28,17.01,23.31
Aug_2012,Aug-12,11.77,12.16,11.54,23.75,31.89,12.49,13.04,11.69,11.5,12.6,9.84,5.14,,12.13,11.13,10.59,12.15,14.47,50.51,19.26,,11.94,35.82,13.29,10.85,21.49,12,11.1,10.3,11.58,10.82,14.64,18.01,19.95,12.21,11.58,12.11,14.39,11.39,11.03,11.92,14.54,24.08,10.93,17.22,37.93,15.83,10.43,11.28,12.51,12.03,11.47,11.05,17.01,11.36,13.24,,20.94,31.59,,46.18,10.05,57.2,,101.33,,10.91,6.66,13.65,12.47,,30.2,13,10.03,10.91,14.8,16.02,23.1,7.5,12.89,,12.67,13.99,11.63,15.05,12.37,21.82,,16.89,,,,23.82,59.17,18.17,26.7,,18.87,24.74,16.57,31.49,,,,35.51,29.56,33.02,28.23,18.14,17.37,17.36,20.32,21.86,25.67,19.37,,,20.39,,44.03,30.1,32.96,21.15,17.15,27.35,17.7,18.27,18.7,27.49,44.47,17.31,17.92,16.64,28.06,28.74,17.68,16.69,23.61
Sep_2012,Sep-12,10.4,11,10.57,21.39,29.06,11.63,13.18,11.16,12.25,11.66,8.84,4.14,,10.9,10.78,10.56,11.45,13.82,44.49,17.79,,10.72,35.07,12.82,10.04,20.32,11.38,10.66,9.56,10.28,10,14.15,17.55,18.98,11.76,10.64,11.4,13.82,10.61,10.62,11.1,13.58,22.66,10.34,16.76,36.45,15.09,9.77,10.85,11.42,11.22,11.08,10,16.27,11.13,12.28,,20.32,30.18,,45.58,9.47,55.77,,95.5,,10.35,6.59,12.34,11.2,,29.4,11,9.28,10.09,13.89,15.02,22.86,7.17,11.41,,11.13,12.52,10.88,13.97,11.59,20.45,,15.68,,,,22.17,58,16.87,23.83,,17.03,22.92,14,27.33,,,,30.54,25.44,28.97,24.19,16.65,15.94,16.8,19.51,19.35,23.15,18.22,,,18.32,,42.07,29.35,31.75,19.55,14.82,25.08,15.9,16.02,16.93,25.78,39.22,15.66,16.33,16.07,27.42,27.81,15.86,15.88,22.77
Oct_2012,Oct-12,10.44,10.99,10.6,21.11,27.39,11.8,13.06,10.39,12.75,12.03,8.75,4.29,,11.36,10.07,10.86,11.14,12.86,43.28,18.79,,11.21,30.12,12.15,10.18,18.2,11.05,10.42,9.26,10.18,10.09,12.45,15.11,17.37,11.15,10.67,10.96,11.22,9.5,9.28,9.91,12.4,21.04,8.96,14.59,34.75,12.16,10.1,11.36,11.06,10.97,10.2,10.25,14.72,9.82,12.22,,18.51,28.42,,40.94,9.96,49.06,,70,,9.48,6.27,11.52,10.56,,28.46,10,9.43,10.22,13.85,10.43,23.23,7.83,11.69,,11.51,12.73,10.16,12.99,11.23,15.38,,12.47,,,,18.3,29.17,14.34,20.7,,15.62,18.68,11.71,26.7,,,,30.87,25.49,28.68,24.38,15.65,15.11,14.25,15.85,19.13,22.07,16.26,,,16.34,,35.42,22.13,23.83,18.09,14.99,22.31,15.46,16.09,15.93,21.58,38.94,14.63,14.67,13.8,21.98,22.22,15.23,14.17,19.52
Nov_2012,Nov-12,9.01,9.99,9.54,15.45,20.36,9.95,10.53,8.56,11.25,10.08,7.29,4,,9.53,8.48,10.97,9.15,10.64,29.21,18.63,,8.81,24.26,10.26,8.64,16.56,9.72,9.11,8.11,8.45,8.73,11.64,13.68,15.1,10.1,9.04,9.02,10.56,8.66,8.91,9.12,11.48,19.14,8.52,13.59,22.77,11.43,8.61,9.06,10.05,10,9.2,8.36,13.25,8.52,9.44,,16.46,26.94,,30.78,9.27,39.59,,42.67,,8.97,6.23,10.22,9.23,,18.08,7,7.86,8.88,12.07,10.25,14.33,6.67,8.83,,8.57,9.12,9.22,11.55,9.41,14.66,,11.8,,,,17.38,26.33,13.24,17.66,,12.44,17.52,9.71,17.35,,,,18.14,15.64,16.79,15.3,12.74,11.57,12.73,13.67,12.41,14.94,12.49,,,14.04,,26.45,19.97,22.08,14.31,10.94,18.9,11.74,11.14,13.28,20.06,24.34,12.56,12.52,12.17,19.41,20.89,12.25,11.55,16.94
Dec_2012,Dec-12,9.01,9.66,9.61,13.1,18.6,10.28,10.83,8.31,11.25,10.35,7.5,4.43,,9.93,8.47,11.23,9.18,10.22,21.92,19.68,,9.13,21.38,9.32,8.49,12.32,8.54,8.81,8.02,8,8.76,9.62,11.4,12.42,9.87,7.89,8.15,8.56,7.79,7.73,8.4,8.73,13.31,7.47,10.8,22.78,9.14,9.04,9.6,9.73,9.47,8.89,8.42,10.66,8.1,8.32,,13.07,19.69,,28.89,6.85,35.16,,41.5,,7.62,6.2,8.92,8.04,,18.56,4,7.36,8.2,10.22,8.14,14.75,6.5,9.09,,8.49,9.05,8.16,9.64,9.57,10.13,,8.74,,,,11.53,16.33,10.33,12.52,,11.11,11.87,8,14.55,,,,16.83,15.22,17.3,14.44,11.67,11.35,11.45,11.98,12.76,14.98,12.21,,,11.21,,23.33,14.71,15.09,12.42,10.69,13.36,11.19,10.71,10.42,13.07,20.4,10.09,9.98,10.39,15.03,14.26,11.25,11.05,13.79
Jan_2013,Jan-13,9.03,9.86,9.68,14.06,17.71,10.31,10.37,7.84,7.25,10.46,7.42,5.43,,9.55,7.99,10.48,8.54,9.52,24.85,21.95,,9.48,18.76,8.99,8.41,12.12,8.69,8.46,8.02,8.26,8.69,9.24,10.47,12.17,9.77,8.18,8.16,8.22,7.7,7.53,8.41,8.76,13.58,7.31,9.96,21.57,8.8,8.92,9.42,9.92,9.57,8.7,8.62,10.16,7.7,8.51,,12.49,19.43,,24.93,7.04,31.1,,40.67,,7.21,6.05,9.08,8.21,,19.37,7,7.46,8.25,10.43,8.14,16.47,6.5,9.19,,8.95,9.63,8.23,9.79,9.32,10.13,,8.57,,,,11.48,14.67,10.27,13.1,,10.91,11.9,8.14,15.78,,,,17.91,15.73,17.27,15.62,11.74,10.58,10.91,11.14,12.61,13.96,11.25,,,11.58,,19.98,13.16,14.29,11.43,11.22,13.69,10.85,10.65,10.73,13.03,22.13,10.38,10.3,9.53,13.25,13.33,11.33,10.21,12.32
Feb_2013,Feb-13,8.14,9.02,8.73,13.47,17.04,9.25,9.33,7.29,6.25,9.45,6.53,4.71,,8.57,7.51,9.49,7.88,9.06,24.8,19.53,,8.66,19.49,8.66,7.32,12.82,8.44,7.86,7.25,7.6,7.99,9.19,10.79,12.05,8.98,7.48,7.63,8.47,7.37,7.6,7.8,8.84,14.16,7.23,10.65,20.17,9.58,7.93,8.34,9.13,8.66,8.12,7.85,10.42,7.32,7.89,,12.47,20.17,,24.5,7.22,31.31,,41.83,,7.45,5.75,8.56,7.83,,17.54,8,6.75,7.35,9.79,9.59,15.02,5.5,8.23,,8.22,8.35,7.84,9.37,8.51,10.84,,9.03,,,,13.16,25.5,10.35,13.43,,10.37,13.17,7.43,15.02,,,,16.56,14.52,15.55,14.55,11.04,10.05,10.75,11.54,11.42,13.07,10.87,,,11.45,,21.18,15.36,16.42,11.06,10.09,14.04,10.04,9.74,10.31,14.48,20.99,9.92,10.13,9.81,14.61,14.93,10.57,10.05,13.11
Mar_2013,Mar-13,9.44,10.32,9.96,16.81,21.75,10.78,11.37,8.81,7.25,10.87,7.92,5,,9.95,8.76,10.78,9.77,11.05,32.11,21.47,,10.03,24.79,10.16,8.65,14.92,9.63,9.16,8.38,9.07,9.31,10.57,12.79,14.29,10.14,8.88,9.18,9.69,8.47,8.59,8.91,10.23,16.25,8.23,12.4,27.99,11.06,9.38,9.83,10.81,9.98,9.34,9.2,12.17,8.62,9.83,,14.59,22.66,,32.11,8.33,38.68,,51.83,,8.68,6.41,10.05,9.38,,23.27,9,8.15,8.55,11.53,10.75,19.07,6.33,10.5,,10.05,10.99,9.07,10.9,10.35,12.43,,10.29,,,,14.89,31.33,11.85,16.12,,12.98,15.11,10,19.97,,,,22.63,19.82,22.23,18.81,13.17,12.81,12.5,13.82,15.56,17.99,13.59,,,13.37,,27.33,18.39,18.98,14.42,12.56,16.81,13.07,12.86,12.48,16.58,28.12,11.62,11.8,11.82,17.49,17.24,12.9,12.6,16.19
Apr_2013,Apr-13,9.32,10.52,10,18.07,22.91,10.52,11.03,9.2,7,10.68,7.79,4.43,,9.62,9.16,10.58,9.79,11.56,35.39,21.74,,9.86,27.34,10.95,8.73,17.2,9.99,9.4,8.56,9.43,9.24,12.02,14.24,15.69,10.38,9.57,9.82,11.24,9.13,9.47,9.78,12.25,18.67,9.09,13.85,28.27,12.7,9.33,9.73,11.62,10.27,10.19,9.27,14.07,9.2,10.67,,16.38,24.49,,34.2,9.58,42.5,,70.17,,9.7,6.48,11.16,10.45,,22.92,8,8.74,9.06,12.78,11.86,18.84,6.17,10.37,,10.15,11.37,9.96,12.31,10.44,16.1,,12.19,,,,17.35,37,13.79,19.66,,14.17,18.68,12.71,21.71,,,,23.78,20.39,21.86,19.3,13.98,13.16,13.75,15.54,15.43,18.25,14.53,,,14.83,,30.79,22.11,24.37,15.69,12.77,19.71,13.45,13.18,14.25,20.43,30.52,12.81,12.5,13.05,20.7,21.11,13.55,12.89,18.1
May_2013,May-13,10.58,11.3,10.84,20.48,28.36,11.46,12.31,10.79,7,11.81,8.83,4.29,,10.76,10.49,11.78,11.44,13.46,41.04,27.05,,11.22,31.9,12.17,9.8,18.3,10.6,10.32,9.37,10.44,10.16,13.13,15.85,17.28,11.23,10.23,10.89,12.1,9.85,9.96,10.52,13.06,19.73,9.66,14.88,34.04,13.45,9.69,10.45,12.05,11.1,11.39,9.98,15.4,10.39,12.11,,17.85,25.55,,41.42,10.07,49.3,,92.83,,10.15,6.77,11.87,11.16,,28.23,9,9.51,9.89,13.56,12.64,22.36,6.17,12.21,,11.9,13.31,10.68,13.27,12.02,17.22,,13,,,,18.42,39.33,14.89,21.89,,16.34,19.98,14,26.2,,,,29.49,25.51,29.83,23.41,15.79,15.75,15.37,17.38,20.01,22.76,17.47,,,16.48,,37.31,24.36,26.33,18.34,15.01,22.24,15.77,16.29,15.87,21.72,37.27,14.11,13.42,14.49,22.98,22.86,15.42,14.9,20.26
Jun_2013,Jun-13,10.59,11.37,10.94,21.27,28.5,11.07,11.87,10.74,7.25,11.42,8.42,4.43,,10.45,10.38,11.7,11.16,13.41,43.19,26,,10.95,32.89,12.4,9.65,19.81,10.69,10.28,9.42,10.68,10.01,13.59,16.25,17.98,11.33,10.43,11.21,13.21,10.55,10.74,10.97,14.02,20.38,10.36,15.78,33.59,15.76,9.48,10.03,11.65,11.56,11.4,9.86,16.08,10.61,12.49,,18.77,27.34,,41.32,10.38,51.24,,88.17,,10.51,6.64,12.56,12.04,,27.05,12,9.45,10.08,14.33,14.32,21.81,6.17,11.78,,11.91,13.57,10.94,13.98,11.67,19.34,,14.94,,,,21.72,47.17,16.64,24.96,,17.14,22.99,14.43,27.41,,,,29.9,25.4,27.97,23.65,16.35,15.7,15.5,18.5,19.26,22.57,17.74,,,18.18,,39.2,27.27,29.93,19.06,15.07,24.74,15.91,16.29,17.52,24.66,38.89,15.97,14.25,15.11,24.9,25.23,15.98,15.1,21.56
